,train,val,test
0,C3N-02729-22,C3L-03976-21,C3L-03963-22
1,C3N-02729-21,C3N-00556-23,C3L-01606-21
2,C3N-01019-23,C3L-02665-24,C3N-02973-23
3,C3L-04365-23,C3L-01663-22,C3N-01016-23
4,C3N-01019-22,C3N-00221-28,C3L-02552-23
5,C3N-01022-24,C3N-02923-22,C3L-02661-24
6,C3N-01022-22,C3N-03890-22,C3N-01074-24
7,C3N-01022-23,C3N-01411-24,C3N-02146-21
8,C3L-00444-21,C3N-02529-22,C3N-00309-23
9,C3L-04365-21,C3L-05392-22,C3N-02089-23
10,C3L-00444-22,C3N-00247-22,C3L-02625-22
11,C3L-04365-24,C3N-02003-21,C3N-00545-21
12,C3L-04365-22,C3L-03272-22,C3L-00422-23
13,C3L-04365-25,C3L-04889-24,C3L-02164-23
14,C3L-00446-21,C3N-00169-21,C3L-04856-24
15,C3L-00446-22,C3L-04792-23,C3N-05914-27
16,C3L-00446-23,C3L-05393-23,C3N-00545-23
17,C3N-02588-22,C3L-04922-24,C3L-00001-21
18,C3N-02588-21,C3N-01417-21,C3N-01022-21
19,C3N-02587-21,C3L-02170-21,C3N-00167-23
20,C3N-02586-22,C3L-00263-21,C3N-03222-22
21,C3N-02586-21,C3N-01019-21,C3L-05225-23
22,C3N-02587-22,C3N-04155-22,C3N-02582-22
23,C3N-00294-24,C3L-04887-23,C3L-05225-21
24,C3N-00294-23,C3N-01415-24,C3L-03726-22
25,C3N-00294-21,C3N-00546-24,C3N-01842-21
26,C3N-02582-21,C3L-04889-23,C3N-00547-21
27,C3N-00294-22,C3N-00560-23,C3L-05225-22
28,C3N-00293-23,C3L-01682-23,C3N-02380-21
29,C3N-00293-22,C3L-02515-22,C3N-02828-21
30,C3N-00293-21,C3L-00993-22,C3N-00180-23
31,C3N-00293-24,C3N-02379-22,C3L-05145-22
32,C3N-02572-21,C3L-02552-22,C3N-01025-24
33,C3N-01408-24,C3N-02153-24,C3N-00199-22
34,C3N-01408-22,C3L-00923-23,C3N-03764-22
35,C3N-01408-21,C3N-01405-21,C3N-00223-25
36,C3N-01408-23,C3L-05176-21,C3N-02919-21
37,C3N-01409-22,C3L-01884-21,C3N-02764-23
38,C3N-01409-24,C3L-04757-25,C3N-02922-21
39,C3N-01409-21,C3L-00446-24,C3N-01823-23
40,C3N-01409-23,C3L-02893-22,C3L-00444-23
41,C3N-01417-24,C3N-02192-23,C3L-01924-24
42,C3N-01417-22,C3L-04868-25,C3L-01884-22
43,C3N-01417-23,C3N-00179-23,C3N-01019-24
44,C3N-01419-24,C3N-02330-22,C3N-02434-21
45,C3N-00223-23,C3L-05302-22,C3N-00579-22
46,C3N-00223-22,C3N-01533-21,C3L-02127-21
47,C3N-00223-21,C3N-00376-25,C3L-02624-23
48,C3N-00223-24,C3L-04011-22,C3N-02234-23
49,C3N-01419-23,C3L-03364-23,C3L-02627-24
50,C3N-02529-21,C3N-04142-21,C3N-01413-21
51,C3N-01419-21,C3N-02373-22,C3N-01072-23
52,C3N-01419-22,C3N-02082-21,C3N-01030-22
53,C3N-02433-22,C3L-02346-23,C3L-02954-21
54,C3N-02433-21,C3L-01281-22,C3N-01024-24
55,C3N-02424-22,C3N-00573-22,C3N-04157-21
56,C3N-02424-21,C3N-01083-23,C3N-02572-22
57,C3N-00217-24,C3N-02160-22,C3L-03962-23
58,C3N-02423-21,C3N-02082-22,C3L-02665-21
59,C3N-00217-23,C3N-02726-21,C3L-02648-23
60,C3N-00217-22,C3N-00148-23,C3L-04878-22
61,C3N-00217-21,C3N-01091-23,C3L-05369-22
62,C3N-02423-22,C3N-00150-24,C3L-04804-25
63,C3N-02422-22,C3L-00907-22,C3N-00546-23
64,C3N-02422-21,C3N-00177-22,C3N-00555-22
65,C3N-02421-22,C3L-00991-21,C3L-01632-23
66,C3N-02421-21,C3N-01077-22,C3L-04912-22
67,C3N-02380-22,C3L-00610-21,C3L-04854-22
68,C3N-02379-21,C3L-00969-25,C3L-02508-22
69,C3L-02129-23,C3N-00435-21,C3N-02155-21
70,C3L-02129-21,C3N-00242-22,C3L-05172-25
71,C3L-02129-24,C3N-01085-22,C3L-01455-23
72,C3N-00203-23,C3N-01082-22,C3L-04889-25
73,C3N-00203-24,C3L-03152-21,C3L-05172-23
74,C3N-00203-22,C3N-01874-23,C3L-00263-25
75,C3N-00203-21,C3N-01537-22,C3L-04880-22
76,C3L-04757-21,C3L-01840-21,C3N-02688-21
77,C3N-00199-21,C3N-02012-21,C3L-04378-21
78,C3L-04757-22,C3N-00858-21,C3L-00445-26
79,C3N-00199-23,C3N-02027-22,C3L-00083-21
80,C3L-04757-23,C3L-02545-21,C3L-04878-24
81,C3L-04757-24,C3L-00006-21,C3N-02158-24
82,C3L-04759-25,C3L-02347-21,C3N-03202-21
83,C3L-04759-21,C3N-01825-23,C3L-04888-21
84,C3L-04759-22,C3L-00932-21,C3L-02624-25
85,C3L-02165-22,C3L-01064-24,C3L-04863-21
86,C3N-00180-22,C3N-00859-21,C3L-02647-22
87,C3N-00180-21,C3N-02972-21,C3N-03228-22
88,C3L-02165-21,C3L-00605-21,C3L-04331-23
89,C3N-00180-24,C3N-01873-23,C3N-03918-21
90,C3L-02165-23,C3L-01631-23,C3L-04760-23
91,C3L-02169-22,C3L-02408-25,C3N-00327-22
92,C3L-02169-21,C3L-02411-22,C3N-02330-21
93,C3N-00175-22,C3L-00098-21,C3L-03382-22
94,C3N-00175-21,C3N-02030-21,C3N-01845-22
95,C3N-00175-24,C3N-00859-22,C3N-03460-21
96,C3N-00175-23,C3N-00755-21,C3N-01481-24
97,C3N-00169-23,C3L-01702-23,C3L-04212-21
98,C3N-00169-24,C3L-02115-28,C3L-05027-21
99,C3N-00169-22,C3N-01907-22,C3N-03220-22
100,C3L-02169-23,C3L-04027-21,C3L-02622-21
101,C3L-02169-24,C3N-01168-22,C3N-01533-23
102,C3L-04759-23,C3L-02897-21,C3N-01493-23
103,C3N-00167-22,C3N-03854-22,C3N-03097-21
104,C3N-00167-21,C3L-04853-21,C3N-01083-22
105,C3L-04759-24,C3L-01158-23,C3N-00435-24
106,C3N-00167-24,C3L-03743-22,C3L-00583-22
107,C3N-02251-27,C3N-02010-23,C3N-01080-21
108,C3N-02251-26,C3L-00395-21,C3L-00968-24
109,C3N-02158-22,C3L-02613-21,C3N-00154-22
110,C3N-02088-24,C3N-04283-23,C3N-00437-22
111,C3N-02088-23,C3L-00102-21,C3L-01287-21
112,C3N-02088-22,C3L-02846-21,C3L-00982-21
113,C3N-02088-21,C3L-02359-22,C3L-00791-21
114,C3N-02090-23,C3N-00875-21,C3L-01976-22
115,C3N-02090-22,C3L-05501-21,C3N-00315-22
116,C3N-02090-21,C3N-04164-21,C3L-02346-22
117,C3N-02141-24,C3L-01601-22,C3N-01091-21
118,C3N-02141-21,C3L-02630-25,C3N-00435-22
119,C3N-02141-22,C3L-01706-27,C3N-00492-21
120,C3N-02141-23,C3N-03042-24,C3N-01200-25
121,C3N-02142-24,C3N-01645-22,C3L-01976-23
122,C3N-02142-21,C3N-00295-23,C3N-02439-23
123,C3N-02142-22,C3N-02700-23,C3L-00991-23
124,C3L-04040-23,C3L-03378-24,C3N-01213-22
125,C3N-02143-21,C3N-02333-23,C3L-00416-21
126,C3N-02143-22,C3L-02651-24,C3N-01646-22
127,C3L-04040-22,C3N-01645-23,C3N-01180-21
128,C3N-02143-23,C3L-04354-21,C3N-01081-21
129,C3L-04040-21,C3L-00987-23,C3L-01302-23
130,C3N-02143-24,C3N-04113-21,C3N-00953-22
131,C3L-04040-24,C3L-04359-21,C3L-01963-21
132,C3N-02144-24,C3L-00671-23,C3L-01681-26
133,C3N-02144-21,C3L-04815-23,C3N-01078-24
134,C3N-02144-22,C3L-02705-22,C3L-00817-21
135,C3L-04040-25,C3L-03681-24,C3N-01522-21
136,C3N-02146-24,C3L-03747-23,C3L-00606-22
137,C3N-02144-23,C3N-02599-23,C3N-02266-21
138,C3N-02146-22,C3L-02706-24,C3L-01978-22
139,C3N-02146-23,C3L-03557-25,C3N-00715-21
140,C3L-04037-22,C3L-04731-25,C3N-01086-23
141,C3L-04037-24,C3N-01818-23,C3L-01607-22
142,C3L-04037-25,C3L-03559-22,C3N-01806-21
143,C3L-04037-23,C3L-00591-23,C3L-00969-21
144,C3N-00433-25,C3N-00661-24,C3L-02202-21
145,C3L-04037-21,C3N-01515-21,C3L-00799-21
146,C3N-02150-24,C3L-04084-24,C3L-01954-21
147,C3L-04033-22,,C3N-00335-24
148,C3N-02150-23,,C3L-00905-22
149,C3N-02150-21,,C3L-01257-21
150,C3N-02150-22,,C3N-01267-23
151,C3N-02152-24,,C3L-01256-21
152,C3N-00433-24,,C3N-01843-21
153,C3N-02152-22,,C3L-02602-21
154,C3N-00433-21,,C3L-00905-23
155,C3N-02152-23,,C3L-02125-24
156,C3N-02153-21,,C3N-02337-22
157,C3N-02153-22,,C3N-00377-21
158,C3N-02152-21,,C3N-00324-21
159,C3N-02153-23,,C3L-00767-21
160,C3N-00433-22,,C3L-00781-25
161,C3N-00433-23,,C3L-02746-24
162,C3L-04033-23,,C3N-00324-22
163,C3L-04033-21,,C3L-00161-24
164,C3L-04031-24,,C3N-00377-22
165,C3N-02192-24,,C3L-00156-21
166,C3L-04033-24,,C3N-02062-22
167,C3L-04033-25,,C3L-00898-22
168,C3N-02192-21,,C3N-02030-22
169,C3N-02192-22,,C3N-01848-22
170,C3N-02193-25,,C3N-02636-22
171,C3L-04031-21,,C3L-02449-21
172,C3L-04031-22,,C3N-01525-23
173,C3L-04031-23,,C3L-01307-21
174,C3N-02193-23,,C3N-00847-23
175,C3N-02193-22,,C3L-00962-21
176,C3N-02193-24,,C3L-02119-25
177,C3N-02193-21,,C3N-01001-23
178,C3N-02230-24,,C3N-00334-25
179,C3N-02230-21,,C3L-00086-21
180,C3N-02230-22,,C3L-02125-26
181,C3N-02230-23,,C3L-01249-21
182,C3N-02234-24,,C3L-02468-23
183,C3N-02234-21,,C3N-01847-21
184,C3N-02234-22,,C3L-01925-28
185,C3N-02237-24,,C3L-03143-21
186,C3N-02237-21,,C3N-00155-23
187,C3N-02237-22,,C3N-02678-21
188,C3N-02237-23,,C3N-01529-22
189,C3N-02240-24,,C3N-02978-22
190,C3N-02240-22,,C3N-02598-21
191,C3N-02240-23,,C3L-02347-22
192,C3N-02242-24,,C3N-01878-22
193,C3N-02240-21,,C3L-02545-23
194,C3L-04031-25,,C3N-00340-22
195,C3N-02242-22,,C3N-01383-21
196,C3N-02242-21,,C3L-01328-21
197,C3N-02242-23,,C3N-01011-22
198,C3N-02158-23,,C3L-00881-22
199,C3N-02158-21,,C3L-02890-21
200,C3L-03984-23,,C3N-03039-23
201,C3N-02155-24,,C3N-00954-23
202,C3N-02155-23,,C3N-02069-23
203,C3N-02149-23,,C3L-00598-23
204,C3N-02155-22,,C3N-03039-21
205,C3N-02149-21,,C3L-01689-22
206,C3N-02149-22,,C3L-02610-21
207,C3N-02149-24,,C3L-02115-26
208,C3N-02145-23,,C3N-03428-22
209,C3N-02145-22,,C3N-01378-22
210,C3N-02145-21,,C3L-03635-21
211,C3N-02282-25,,C3L-03624-22
212,C3N-02281-23,,C3N-03853-21
213,C3L-03985-25,,C3L-01598-23
214,C3L-03985-23,,C3N-03666-21
215,C3L-03985-24,,C3L-01702-21
216,C3N-02290-22,,C3N-03069-21
217,C3L-03985-21,,C3N-01166-22
218,C3N-02281-22,,C3N-02592-21
219,C3N-02145-24,,C3N-01375-22
220,C3N-02089-22,,C3L-02613-23
221,C3N-02089-21,,C3L-03639-22
222,C3N-02089-24,,C3L-01052-23
223,C3N-02087-23,,C3N-03430-22
224,C3N-02087-22,,C3L-00277-22
225,C3N-02087-21,,C3N-01532-22
226,C3N-02087-24,,C3L-00567-23
227,C3N-02067-21,,C3L-05501-23
228,C3N-02067-22,,C3N-00843-22
229,C3N-02451-23,,C3N-04164-23
230,C3N-02451-21,,C3L-00035-21
231,C3N-02002-22,,C3N-01523-23
232,C3N-02000-23,,C3N-03068-21
233,C3N-02003-22,,C3N-02034-21
234,C3N-02002-23,,C3L-05023-24
235,C3N-02000-21,,C3L-03953-21
236,C3N-02672-21,,C3L-02213-21
237,C3N-02715-22,,C3N-03489-23
238,C3N-02718-22,,C3N-01532-21
239,C3N-02718-23,,C3N-00853-23
240,C3N-02715-23,,C3N-03208-22
241,C3N-02721-23,,C3N-00855-23
242,C3N-02721-21,,C3L-02651-21
243,C3N-02715-21,,C3N-04151-21
244,C3N-02721-22,,C3N-03013-21
245,C3N-02718-21,,C3N-00295-22
246,C3N-02728-22,,C3N-03619-22
247,C3N-02728-23,,C3N-00871-21
248,C3N-02757-21,,C3N-03226-22
249,C3N-02728-21,,C3N-04153-23
250,C3N-02758-21,,C3N-03928-21
251,C3N-02758-22,,C3N-01943-23
252,C3N-02757-22,,C3L-04791-24
253,C3L-02513-23,,C3L-02621-22
254,C3N-02828-24,,C3N-03933-23
255,C3N-02764-22,,C3L-04791-23
256,C3N-02828-22,,C3N-00297-21
257,C3N-02828-23,,C3N-03042-23
258,C3L-03985-22,,C3N-00829-22
259,C3N-02916-24,,C3N-03837-22
260,C3L-03984-24,,C3N-02700-22
261,C3L-03984-25,,C3N-00299-23
262,C3L-03984-22,,C3L-04817-24
263,C3N-02916-21,,C3L-02707-21
264,C3N-02916-22,,C3N-02770-28
265,C3N-02916-23,,C3L-04843-22
266,C3N-02919-24,,C3N-03184-21
267,C3N-02919-22,,C3N-02186-23
268,C3N-02920-24,,C3N-02783-24
269,C3N-02919-23,,C3N-02286-21
270,C3N-00545-22,,C3L-01155-21
271,C3N-00545-24,,C3L-02707-23
272,C3N-00546-22,,C3L-03681-23
273,C3N-02920-22,,C3N-01517-22
274,C3N-02920-21,,C3L-01061-21
275,C3N-02920-23,,C3L-03559-24
276,C3N-02922-24,,C3N-04098-22
277,C3N-02923-24,,C3L-03392-23
278,C3N-00546-21,,C3L-02041-22
279,C3N-02922-22,,C3L-01157-21
280,C3N-02922-23,,C3N-03452-21
281,C3N-02923-23,,C3N-03797-23
282,C3N-02926-22,,C3N-01816-22
283,C3N-02928-21,,C3L-02706-21
284,C3N-02923-21,,C3L-00677-21
285,C3N-02926-21,,C3N-03757-27
286,C3N-02928-22,,C3L-00671-21
287,C3N-02929-21,,C3N-03473-21
288,C3N-02929-22,,C3L-04819-23
289,C3L-02513-21,,C3N-03186-22
290,C3L-02513-22,,C3L-04795-25
291,C3L-02515-21,,C3N-02786-22
292,C3N-00547-24,,C3N-03088-22
293,C3N-02948-21,,C3L-00278-23
294,C3N-02948-23,,C3N-03480-23
295,C3N-02948-22,,C3N-04092-21
296,C3N-00547-23,,C3L-03554-21
297,C3N-00547-22,,
298,C3N-00549-24,,
299,C3N-00549-22,,
300,C3N-00549-23,,
301,C3N-02950-21,,
302,C3N-02950-22,,
303,C3N-02973-21,,
304,C3N-00549-21,,
305,C3N-00550-24,,
306,C3N-00550-22,,
307,C3N-00550-21,,
308,C3N-02973-22,,
309,C3N-00550-23,,
310,C3L-02515-23,,
311,C3N-00551-24,,
312,C3N-00551-21,,
313,C3N-00551-22,,
314,C3N-00551-23,,
315,C3N-03038-22,,
316,C3N-03038-21,,
317,C3N-03052-21,,
318,C3N-03052-22,,
319,C3N-03054-21,,
320,C3N-03054-22,,
321,C3N-03063-22,,
322,C3N-03063-21,,
323,C3N-03073-22,,
324,C3N-03057-21,,
325,C3N-03057-22,,
326,C3N-03073-21,,
327,C3N-03074-21,,
328,C3N-03080-21,,
329,C3N-03080-22,,
330,C3N-03074-22,,
331,C3N-03205-22,,
332,C3N-03202-22,,
333,C3N-03205-21,,
334,C3N-03210-22,,
335,C3N-03210-21,,
336,C3N-03212-22,,
337,C3N-03212-21,,
338,C3N-03222-23,,
339,C3N-03222-21,,
340,C3N-03225-21,,
341,C3N-03225-23,,
342,C3N-03225-22,,
343,C3N-03233-23,,
344,C3N-03233-22,,
345,C3N-03233-21,,
346,C3N-03238-21,,
347,C3N-03238-22,,
348,C3N-03238-23,,
349,C3N-03420-21,,
350,C3N-01842-23,,
351,C3N-03420-22,,
352,C3N-03765-27,,
353,C3N-01842-22,,
354,C3N-00552-23,,
355,C3N-00552-24,,
356,C3N-00552-22,,
357,C3N-03890-23,,
358,C3N-00552-21,,
359,C3N-03911-23,,
360,C3N-03911-21,,
361,C3N-03890-21,,
362,C3N-03911-22,,
363,C3N-03921-23,,
364,C3N-03921-22,,
365,C3N-03921-21,,
366,C3N-03929-23,,
367,C3N-03929-22,,
368,C3N-03929-21,,
369,C3N-04157-23,,
370,C3N-04157-22,,
371,C3N-00556-21,,
372,C3N-04168-23,,
373,C3N-00556-22,,
374,C3N-04168-22,,
375,C3N-00556-24,,
376,C3N-00559-23,,
377,C3N-00559-21,,
378,C3N-00559-24,,
379,C3N-00559-22,,
380,C3N-00560-22,,
381,C3N-00560-21,,
382,C3N-00560-24,,
383,C3N-00572-23,,
384,C3N-00572-22,,
385,C3N-00572-21,,
386,C3N-00572-24,,
387,C3L-03984-21,,
388,C3N-04168-21,,
389,C3N-00574-22,,
390,C3N-00574-23,,
391,C3N-00574-21,,
392,C3N-04180-21,,
393,C3N-04382-22,,
394,C3N-04382-21,,
395,C3N-04173-21,,
396,C3N-01823-21,,
397,C3L-00009-21,,
398,C3N-00574-24,,
399,C3N-01823-22,,
400,C3L-00080-21,,
401,C3L-00093-21,,
402,C3L-00094-21,,
403,C3L-00095-23,,
404,C3L-03976-23,,
405,C3L-00095-22,,
406,C3L-00095-21,,
407,C3L-03976-25,,
408,C3L-03976-22,,
409,C3L-02560-22,,
410,C3N-00578-21,,
411,C3N-00578-22,,
412,C3N-00578-23,,
413,C3N-00578-24,,
414,C3L-02560-21,,
415,C3L-02601-21,,
416,C3N-00579-23,,
417,C3L-00140-21,,
418,C3L-00140-22,,
419,C3L-00144-21,,
420,C3L-02616-23,,
421,C3L-02616-24,,
422,C3L-00263-24,,
423,C3L-00263-23,,
424,C3L-00263-22,,
425,C3N-00579-24,,
426,C3N-00579-21,,
427,C3L-02616-22,,
428,C3N-00580-22,,
429,C3L-02616-21,,
430,C3N-00580-21,,
431,C3L-00279-23,,
432,C3L-00279-22,,
433,C3L-00279-21,,
434,C3L-03271-22,,
435,C3L-03271-23,,
436,C3L-02616-25,,
437,C3L-03271-21,,
438,C3L-00368-21,,
439,C3N-00580-24,,
440,C3L-03976-24,,
441,C3N-00580-23,,
442,C3L-03969-23,,
443,C3L-00368-22,,
444,C3L-00412-21,,
445,C3L-02643-22,,
446,C3L-02643-24,,
447,C3L-02643-21,,
448,C3L-02643-23,,
449,C3L-00422-21,,
450,C3L-00422-22,,
451,C3L-02654-22,,
452,C3L-02654-25,,
453,C3L-00510-22,,
454,C3L-00510-23,,
455,C3L-02654-24,,
456,C3L-00510-21,,
457,C3L-02654-23,,
458,C3L-02654-21,,
459,C3L-02661-21,,
460,C3L-02661-22,,
461,C3L-02661-25,,
462,C3L-02661-23,,
463,C3L-00604-22,,
464,C3L-00604-21,,
465,C3L-00604-23,,
466,C3N-00704-22,,
467,C3N-00704-21,,
468,C3L-03969-24,,
469,C3L-03969-21,,
470,C3L-03969-22,,
471,C3N-00737-23,,
472,C3N-01416-23,,
473,C3N-01489-23,,
474,C3N-01488-22,,
475,C3N-01489-22,,
476,C3N-01489-21,,
477,C3N-01489-24,,
478,C3N-01416-22,,
479,C3N-01488-23,,
480,C3N-01488-24,,
481,C3N-01416-24,,
482,C3N-01488-21,,
483,C3N-01416-21,,
484,C3L-02834-23,,
485,C3L-02834-22,,
486,C3N-00737-21,,
487,C3N-00737-22,,
488,C3N-00738-22,,
489,C3N-00738-21,,
490,C3N-01415-23,,
491,C3N-01415-21,,
492,C3N-01415-22,,
493,C3N-01414-23,,
494,C3L-00893-22,,
495,C3L-00893-21,,
496,C3L-00893-23,,
497,C3L-02834-21,,
498,C3N-01414-22,,
499,C3N-01414-21,,
500,C3N-01414-24,,
501,C3L-00913-22,,
502,C3L-00913-21,,
503,C3L-00913-23,,
504,C3N-01413-22,,
505,C3N-01413-23,,
506,C3N-01413-24,,
507,C3N-01410-23,,
508,C3N-01410-22,,
509,C3N-01410-21,,
510,C3N-01410-24,,
511,C3N-01405-23,,
512,C3N-01405-22,,
513,C3N-01405-24,,
514,C3L-00973-22,,
515,C3L-00973-25,,
516,C3L-00973-21,,
517,C3L-00973-24,,
518,C3L-00973-23,,
519,C3L-02957-21,,
520,C3L-02957-23,,
521,C3L-02957-22,,
522,C3L-02967-21,,
523,C3L-02958-21,,
524,C3L-02961-21,,
525,C3L-03268-23,,
526,C3L-03268-22,,
527,C3L-03268-21,,
528,C3N-01074-22,,
529,C3N-01074-21,,
530,C3N-01074-23,,
531,C3L-01330-21,,
532,C3L-01330-23,,
533,C3L-01330-22,,
534,C3L-03462-24,,
535,C3N-01072-21,,
536,C3N-01072-24,,
537,C3N-01072-22,,
538,C3L-03462-23,,
539,C3L-03463-27,,
540,C3N-01071-22,,
541,C3N-01071-23,,
542,C3N-01071-24,,
543,C3N-01030-24,,
544,C3N-01071-21,,
545,C3N-01030-21,,
546,C3L-01632-21,,
547,C3L-01632-22,,
548,C3N-01030-23,,
549,C3L-01682-21,,
550,C3L-01683-26,,
551,C3L-01683-27,,
552,C3N-01024-21,,
553,C3N-01024-23,,
554,C3N-01024-22,,
555,C3N-01023-23,,
556,C3N-01023-24,,
557,C3N-01023-21,,
558,C3L-01862-21,,
559,C3L-01862-22,,
560,C3L-03679-22,,
561,C3L-01862-23,,
562,C3L-03642-21,,
563,C3L-03721-21,,
564,C3L-03717-21,,
565,C3L-01889-21,,
566,C3L-01890-22,,
567,C3N-01021-22,,
568,C3N-01023-22,,
569,C3L-03969-25,,
570,C3L-01924-21,,
571,C3L-01924-22,,
572,C3L-02549-21,,
573,C3L-01924-23,,
574,C3L-02549-22,,
575,C3L-01924-25,,
576,C3N-01021-24,,
577,C3N-01021-23,,
578,C3N-01021-21,,
579,C3N-01016-22,,
580,C3N-01016-21,,
581,C3L-02508-23,,
582,C3N-01016-24,,
583,C3N-00959-21,,
584,C3N-00959-22,,
585,C3L-03726-21,,
586,C3L-02365-21,,
587,C3L-02365-24,,
588,C3L-03726-23,,
589,C3L-02365-25,,
590,C3L-02219-22,,
591,C3L-02345-23,,
592,C3L-02350-22,,
593,C3L-02345-22,,
594,C3L-02348-21,,
595,C3L-02348-22,,
596,C3L-02345-21,,
597,C3L-02219-21,,
598,C3L-02349-21,,
599,C3L-04361-25,,
600,C3L-04361-21,,
601,C3N-00247-21,,
602,C3L-02170-22,,
603,C3L-02170-23,,
604,C3L-02168-23,,
605,C3L-02168-21,,
606,C3L-02168-24,,
607,C3L-02168-22,,
608,C3L-02164-22,,
609,C3L-02164-21,,
610,C3L-02163-22,,
611,C3L-02163-21,,
612,C3L-02163-23,,
613,C3L-02130-23,,
614,C3L-02130-22,,
615,C3L-02130-21,,
616,C3L-02130-24,,
617,C3L-02127-22,,
618,C3L-02127-23,,
619,C3L-02127-24,,
620,C3L-02358-23,,
621,C3L-02358-21,,
622,C3L-02358-22,,
623,C3L-04361-23,,
624,C3N-00247-23,,
625,C3L-04336-21,,
626,C3N-00221-26,,
627,C3N-00221-24,,
628,C3N-02523-22,,
629,C3N-00221-25,,
630,C3L-04361-24,,
631,C3N-01017-24,,
632,C3L-04361-22,,
633,C3N-01017-21,,
634,C3N-01017-22,,
635,C3N-01017-23,,
636,C3N-01020-21,,
637,C3N-01020-24,,
638,C3L-04889-21,,
639,C3N-01020-22,,
640,C3N-01020-23,,
641,C3N-02523-21,,
642,C3L-02546-23,,
643,C3L-02546-21,,
644,C3N-02494-21,,
645,C3N-02435-21,,
646,C3L-04912-21,,
647,C3N-02435-22,,
648,C3L-04912-25,,
649,C3L-04378-23,,
650,C3L-01884-23,,
651,C3N-02434-23,,
652,C3N-00221-27,,
653,C3L-04912-24,,
654,C3L-05420-25,,
655,C3L-05417-23,,
656,C3N-02426-21,,
657,C3N-02425-22,,
658,C3L-01838-23,,
659,C3L-04889-22,,
660,C3N-03051-22,,
661,C3N-03051-21,,
662,C3N-03662-21,,
663,C3N-02426-22,,
664,C3L-02619-25,,
665,C3L-02619-23,,
666,C3N-03072-22,,
667,C3N-02575-22,,
668,C3L-02619-21,,
669,C3N-01025-21,,
670,C3N-01025-23,,
671,C3N-01025-22,,
672,C3N-01028-23,,
673,C3L-02619-22,,
674,C3L-02619-24,,
675,C3N-02425-21,,
676,C3N-03662-23,,
677,C3L-05417-24,,
678,C3L-05417-22,,
679,C3L-05417-21,,
680,C3N-01028-21,,
681,C3N-01028-22,,
682,C3N-01028-24,,
683,C3L-04912-23,,
684,C3L-04916-23,,
685,C3L-04916-24,,
686,C3L-04916-22,,
687,C3L-04916-25,,
688,C3N-04127-21,,
689,C3N-00211-21,,
690,C3N-00211-22,,
691,C3L-04888-24,,
692,C3N-02575-21,,
693,C3N-00211-23,,
694,C3L-02625-23,,
695,C3L-04921-25,,
696,C3L-02625-21,,
697,C3L-02625-24,,
698,C3L-02625-25,,
699,C3N-03072-21,,
700,C3N-03076-21,,
701,C3L-02627-21,,
702,C3L-02627-25,,
703,C3L-02627-23,,
704,C3L-01455-21,,
705,C3L-01455-22,,
706,C3L-02627-22,,
707,C3L-02629-21,,
708,C3L-02629-22,,
709,C3L-05411-21,,
710,C3L-02629-23,,
711,C3N-00211-24,,
712,C3L-02629-25,,
713,C3L-02629-24,,
714,C3N-01768-26,,
715,C3N-03662-22,,
716,C3N-03076-22,,
717,C3L-05417-25,,
718,C3N-03092-22,,
719,C3L-05411-23,,
720,C3N-02374-21,,
721,C3N-05630-22,,
722,C3N-02375-22,,
723,C3N-02375-21,,
724,C3N-03092-23,,
725,C3N-03093-22,,
726,C3N-03092-21,,
727,C3N-03092-24,,
728,C3L-02646-25,,
729,C3L-02646-22,,
730,C3L-01285-21,,
731,C3L-02646-21,,
732,C3L-01285-22,,
733,C3L-01285-23,,
734,C3L-02646-24,,
735,C3N-03093-23,,
736,C3N-03093-24,,
737,C3L-02646-23,,
738,C3N-03093-21,,
739,C3N-01194-24,,
740,C3L-04888-23,,
741,C3L-04888-25,,
742,C3L-04888-22,,
743,C3L-04749-24,,
744,C3L-04887-22,,
745,C3L-04746-21,,
746,C3N-02374-22,,
747,C3L-04746-23,,
748,C3N-03882-21,,
749,C3N-02339-21,,
750,C3L-04746-22,,
751,C3L-05693-21,,
752,C3L-04746-24,,
753,C3L-04749-21,,
754,C3N-02339-23,,
755,C3L-04379-21,,
756,C3N-02339-22,,
757,C3L-04749-23,,
758,C3L-04336-23,,
759,C3L-04336-22,,
760,C3L-04749-22,,
761,C3L-04916-21,,
762,C3L-04336-24,,
763,C3L-04921-22,,
764,C3L-04336-25,,
765,C3L-05411-22,,
766,C3N-02300-22,,
767,C3N-02285-23,,
768,C3N-02289-26,,
769,C3N-02288-23,,
770,C3N-02285-24,,
771,C3L-02648-25,,
772,C3N-02284-22,,
773,C3L-05428-25,,
774,C3N-02283-21,,
775,C3N-03848-21,,
776,C3N-03851-24,,
777,C3L-05411-24,,
778,C3L-00503-22,,
779,C3L-00503-21,,
780,C3L-04921-21,,
781,C3L-05428-24,,
782,C3L-05428-23,,
783,C3N-04162-21,,
784,C3N-03851-21,,
785,C3N-03875-22,,
786,C3L-04921-24,,
787,C3L-01000-24,,
788,C3L-04216-23,,
789,C3N-04124-21,,
790,C3L-01000-25,,
791,C3N-04124-22,,
792,C3N-04127-22,,
793,C3L-04216-22,,
794,C3L-04216-25,,
795,C3L-00503-23,,
796,C3L-04216-21,,
797,C3L-04379-25,,
798,C3L-04379-24,,
799,C3N-02252-29,,
800,C3L-04216-24,,
801,C3L-00993-24,,
802,C3L-04379-22,,
803,C3L-00993-23,,
804,C3L-00993-21,,
805,C3N-03886-21,,
806,C3L-04883-22,,
807,C3L-04887-21,,
808,C3L-04887-24,,
809,C3L-06169-25,,
810,C3L-06169-24,,
811,C3L-06169-23,,
812,C3L-06169-22,,
813,C3N-03886-22,,
814,C3L-02648-22,,
815,C3L-02648-21,,
816,C3L-02648-24,,
817,C3L-04887-25,,
818,C3L-02649-25,,
819,C3L-02649-22,,
820,C3L-04883-23,,
821,C3L-04883-25,,
822,C3L-04883-21,,
823,C3L-00965-23,,
824,C3L-00965-22,,
825,C3L-04883-24,,
826,C3L-00965-21,,
827,C3L-00965-24,,
828,C3L-02649-24,,
829,C3L-02649-21,,
830,C3L-02649-23,,
831,C3L-02650-23,,
832,C3L-02650-26,,
833,C3L-02650-22,,
834,C3N-01411-23,,
835,C3N-01411-21,,
836,C3N-01411-22,,
837,C3L-02650-25,,
838,C3L-02650-24,,
839,C3L-00927-21,,
840,C3L-00927-22,,
841,C3L-00927-23,,
842,C3N-03886-23,,
843,C3L-06169-21,,
844,C3L-02660-23,,
845,C3L-02660-25,,
846,C3L-02660-24,,
847,C3N-03875-21,,
848,C3L-04786-25,,
849,C3L-05428-21,,
850,C3L-02660-21,,
851,C3L-00904-21,,
852,C3L-00904-22,,
853,C3L-02665-22,,
854,C3L-02660-22,,
855,C3L-02665-23,,
856,C3L-02665-25,,
857,C3L-02669-23,,
858,C3L-02669-24,,
859,C3L-02669-25,,
860,C3L-02669-22,,
861,C3L-02669-21,,
862,C3L-05411-25,,
863,C3N-03877-22,,
864,C3L-05399-23,,
865,C3L-05399-24,,
866,C3N-03877-21,,
867,C3N-02675-24,,
868,C3L-05399-21,,
869,C3L-04079-22,,
870,C3N-03204-22,,
871,C3N-03204-21,,
872,C3L-04880-23,,
873,C3L-04880-24,,
874,C3L-04079-21,,
875,C3L-04880-21,,
876,C3L-04880-25,,
877,C3L-04878-23,,
878,C3L-05399-22,,
879,C3L-05398-24,,
880,C3L-05398-21,,
881,C3L-05399-25,,
882,C3L-05398-23,,
883,C3L-05398-22,,
884,C3L-04878-21,,
885,C3L-05398-25,,
886,C3L-04878-25,,
887,C3L-05397-23,,
888,C3L-05397-25,,
889,C3L-05397-24,,
890,C3L-04874-23,,
891,C3L-04874-22,,
892,C3L-04874-24,,
893,C3L-04874-21,,
894,C3N-03880-21,,
895,C3L-04874-25,,
896,C3N-03880-22,,
897,C3L-05397-21,,
898,C3L-04873-22,,
899,C3L-04873-23,,
900,C3L-05397-22,,
901,C3L-04873-21,,
902,C3L-04873-25,,
903,C3N-03882-22,,
904,C3L-05394-24,,
905,C3L-04873-24,,
906,C3L-05394-23,,
907,C3L-05394-21,,
908,C3L-05394-22,,
909,C3L-00603-21,,
910,C3L-00603-22,,
911,C3L-04856-25,,
912,C3L-04872-23,,
913,C3L-04872-21,,
914,C3L-04746-25,,
915,C3L-05428-22,,
916,C3L-04786-22,,
917,C3L-04872-24,,
918,C3N-04155-23,,
919,C3L-04786-24,,
920,C3N-01018-24,,
921,C3L-04367-21,,
922,C3L-04872-22,,
923,C3L-04367-22,,
924,C3L-05395-24,,
925,C3L-05395-23,,
926,C3L-02891-23,,
927,C3L-02891-21,,
928,C3L-05395-21,,
929,C3L-05395-22,,
930,C3L-00568-23,,
931,C3L-04861-22,,
932,C3L-00568-22,,
933,C3L-00568-21,,
934,C3L-04872-25,,
935,C3L-02951-23,,
936,C3L-05395-25,,
937,C3L-05394-25,,
938,C3L-02963-23,,
939,C3L-02951-22,,
940,C3L-02963-21,,
941,C3L-02963-22,,
942,C3L-04871-23,,
943,C3L-02964-21,,
944,C3L-04367-25,,
945,C3L-04367-24,,
946,C3L-02964-22,,
947,C3L-00445-25,,
948,C3L-00445-21,,
949,C3L-02968-22,,
950,C3L-02969-22,,
951,C3L-02969-21,,
952,C3N-01018-21,,
953,C3L-05393-22,,
954,C3N-01018-23,,
955,C3L-05393-24,,
956,C3L-00415-21,,
957,C3L-00415-23,,
958,C3L-04871-21,,
959,C3L-04871-22,,
960,C3L-04786-21,,
961,C3L-05393-21,,
962,C3L-05393-25,,
963,C3L-05392-21,,
964,C3L-02624-21,,
965,C3L-05392-23,,
966,C3L-05392-24,,
967,C3L-04378-22,,
968,C3L-05369-21,,
969,C3L-05392-25,,
970,C3L-02624-22,,
971,C3L-02624-24,,
972,C3L-02618-21,,
973,C3L-02618-25,,
974,C3L-05369-23,,
975,C3L-02618-24,,
976,C3L-02618-23,,
977,C3L-02618-22,,
978,C3L-03272-23,,
979,C3L-03272-21,,
980,C3L-04921-23,,
981,C3L-04922-25,,
982,C3L-04922-22,,
983,C3L-04378-25,,
984,C3L-04922-21,,
985,C3L-04922-23,,
986,C3L-05369-25,,
987,C3L-05369-24,,
988,C3L-05020-25,,
989,C3L-05020-21,,
990,C3L-04871-24,,
991,C3L-04868-24,,
992,C3L-04378-24,,
993,C3L-03987-23,,
994,C3L-04786-23,,
995,C3L-04792-24,,
996,C3N-01018-22,,
997,C3L-05020-22,,
998,C3L-04863-22,,
999,C3L-04863-23,,
1000,C3L-05022-24,,
1001,C3L-05022-21,,
1002,C3L-05022-22,,
1003,C3L-05022-23,,
1004,C3L-04792-25,,
1005,C3L-04863-25,,
1006,C3L-04863-24,,
1007,C3L-04871-25,,
1008,C3L-04792-22,,
1009,C3L-04858-22,,
1010,C3L-04858-25,,
1011,C3L-04858-21,,
1012,C3L-04858-23,,
1013,C3N-04155-21,,
1014,C3L-03987-22,,
1015,C3L-04868-21,,
1016,C3L-03987-21,,
1017,C3L-04858-24,,
1018,C3L-03987-25,,
1019,C3L-03987-24,,
1020,C3L-04868-23,,
1021,C3L-04868-22,,
1022,C3L-04402-21,,
1023,C3N-03486-23,,
1024,C3N-03486-22,,
1025,C3N-03486-21,,
1026,C3L-04792-21,,
1027,C3L-00081-21,,
1028,C3L-04402-23,,
1029,C3L-04404-21,,
1030,C3L-04804-24,,
1031,C3L-04379-23,,
1032,C3N-00229-30,,
1033,C3N-00309-22,,
1034,C3L-04866-23,,
1035,C3L-04866-21,,
1036,C3L-04804-21,,
1037,C3L-04866-25,,
1038,C3L-04804-23,,
1039,C3L-04804-22,,
1040,C3L-04808-23,,
1041,C3L-04866-24,,
1042,C3L-04866-22,,
1043,C3L-04861-25,,
1044,C3L-04856-22,,
1045,C3N-00309-24,,
1046,C3N-00229-29,,
1047,C3N-05929-23,,
1048,C3N-05923-21,,
1049,C3N-05915-21,,
1050,C3N-01893-23,,
1051,C3L-04781-25,,
1052,C3N-05629-21,,
1053,C3N-05100-27,,
1054,C3N-05080-27,,
1055,C3N-05080-25,,
1056,C3N-05079-21,,
1057,C3N-05078-21,,
1058,C3N-04713-26,,
1059,C3N-04701-24,,
1060,C3N-02725-22,,
1061,C3N-02725-23,,
1062,C3N-04673-24,,
1063,C3L-05225-25,,
1064,C3L-05225-24,,
1065,C3N-04609-21,,
1066,C3N-04609-22,,
1067,C3N-04609-23,,
1068,C3N-04457-21,,
1069,C3N-04457-23,,
1070,C3N-04457-22,,
1071,C3L-04781-23,,
1072,C3L-05221-23,,
1073,C3L-04781-22,,
1074,C3L-04781-21,,
1075,C3N-02725-21,,
1076,C3L-04854-23,,
1077,C3N-03441-21,,
1078,C3L-03982-21,,
1079,C3L-03982-22,,
1080,C3L-03982-25,,
1081,C3N-04169-22,,
1082,C3L-03678-21,,
1083,C3L-03678-23,,
1084,C3N-04167-22,,
1085,C3N-04167-21,,
1086,C3L-05221-24,,
1087,C3N-04167-23,,
1088,C3L-05221-21,,
1089,C3L-05212-23,,
1090,C3L-05221-22,,
1091,C3N-03425-25,,
1092,C3L-05221-25,,
1093,C3L-05212-22,,
1094,C3L-04854-21,,
1095,C3L-04367-23,,
1096,C3L-04854-24,,
1097,C3L-05427-23,,
1098,C3L-05427-24,,
1099,C3L-05427-21,,
1100,C3N-00839-21,,
1101,C3N-00839-22,,
1102,C3N-00839-23,,
1103,C3L-05427-22,,
1104,C3L-05427-25,,
1105,C3L-05212-21,,
1106,C3L-05423-24,,
1107,C3L-05422-22,,
1108,C3L-05212-25,,
1109,C3L-05212-24,,
1110,C3N-00555-21,,
1111,C3N-03923-22,,
1112,C3N-03923-23,,
1113,C3N-00555-24,,
1114,C3N-03923-21,,
1115,C3N-00555-23,,
1116,C3L-05176-23,,
1117,C3N-03424-23,,
1118,C3L-05176-22,,
1119,C3L-05172-21,,
1120,C3L-05423-23,,
1121,C3L-05423-22,,
1122,C3L-05423-21,,
1123,C3L-05422-23,,
1124,C3L-05423-25,,
1125,C3L-05422-21,,
1126,C3L-05422-24,,
1127,C3N-04162-23,,
1128,C3N-04162-22,,
1129,C3N-04179-26,,
1130,C3L-03961-23,,
1131,C3N-03762-21,,
1132,C3L-03961-25,,
1133,C3L-03961-24,,
1134,C3N-04170-21,,
1135,C3L-05422-25,,
1136,C3L-05420-24,,
1137,C3L-05420-22,,
1138,C3L-05420-21,,
1139,C3L-05172-24,,
1140,C3L-05176-25,,
1141,C3L-03961-22,,
1142,C3L-05176-24,,
1143,C3N-00497-21,,
1144,C3L-03961-21,,
1145,C3L-03962-24,,
1146,C3L-03962-25,,
1147,C3L-03962-21,,
1148,C3L-03962-22,,
1149,C3L-03963-25,,
1150,C3L-04861-24,,
1151,C3L-04861-23,,
1152,C3L-04861-21,,
1153,C3L-03963-21,,
1154,C3L-03963-23,,
1155,C3L-03965-25,,
1156,C3L-03963-24,,
1157,C3L-03965-22,,
1158,C3L-03965-21,,
1159,C3L-03965-23,,
1160,C3L-03965-24,,
1161,C3L-03982-23,,
1162,C3L-03982-24,,
1163,C3L-04728-21,,
1164,C3L-05145-24,,
1165,C3L-05145-25,,
1166,C3L-04391-23,,
1167,C3L-05145-21,,
1168,C3L-05020-24,,
1169,C3L-04013-22,,
1170,C3L-04410-22,,
1171,C3L-04013-24,,
1172,C3L-04013-25,,
1173,C3L-05145-23,,
1174,C3L-04013-21,,
1175,C3L-04013-23,,
1176,C3L-04014-25,,
1177,C3L-04014-24,,
1178,C3L-04014-22,,
1179,C3L-04014-21,,
1180,C3L-04014-23,,
1181,C3L-04334-23,,
1182,C3L-04856-21,,
1183,C3L-04334-22,,
1184,C3L-04334-21,,
1185,C3L-04334-24,,
1186,C3L-04856-23,,
1187,C3L-04854-25,,
1188,C3L-05420-23,,
1189,C3L-04808-21,,
1190,C3L-04334-25,,
1191,C3L-04808-22,,
1192,C3L-05172-22,,
1193,C3L-04410-21,,
1194,C3N-01846-23,,
1195,C3L-04409-23,,
1196,C3N-01846-21,,
1197,C3N-01846-22,,
1198,C3L-04071-21,,
1199,C3L-04409-21,,
1200,C3L-04410-23,,
1201,C3L-04071-23,,
1202,C3L-04408-21,,
1203,C3L-05150-22,,
1204,C3L-05150-21,,
1205,C3L-05150-25,,
1206,C3N-00309-21,,
1207,C3N-01893-22,,
1208,C3L-05148-21,,
1209,C3L-05148-24,,
1210,C3L-05148-25,,
1211,C3L-05148-22,,
1212,C3N-01892-28,,
1213,C3L-05150-23,,
1214,C3L-05148-23,,
1215,C3L-05150-24,,
1216,C3N-01892-29,,
1217,C3L-03381-23,,
1218,C3N-00220-23,,
1219,C3N-00220-24,,
1220,C3N-00209-23,,
1221,C3N-00209-22,,
1222,C3N-00209-21,,
1223,C3N-00209-24,,
1224,C3N-00327-21,,
1225,C3N-00327-25,,
1226,C3N-00327-24,,
1227,C3N-00327-23,,
1228,C3N-00376-23,,
1229,C3N-00376-24,,
1230,C3N-00376-21,,
1231,C3N-00376-22,,
1232,C3N-00378-23,,
1233,C3N-00378-22,,
1234,C3N-00378-21,,
1235,C3L-06110-21,,
1236,C3L-06113-21,,
1237,C3L-05781-23,,
1238,C3L-05781-24,,
1239,C3L-05781-21,,
1240,C3L-05781-22,,
1241,C3L-05527-21,,
1242,C3L-05554-22,,
1243,C3L-05554-21,,
1244,C3L-05302-23,,
1245,C3L-05302-24,,
1246,C3L-05302-21,,
1247,C3L-05299-23,,
1248,C3L-05302-25,,
1249,C3L-05299-22,,
1250,C3L-05262-24,,
1251,C3L-05299-24,,
1252,C3L-05299-21,,
1253,C3L-05299-25,,
1254,C3L-05262-23,,
1255,C3L-05262-21,,
1256,C3L-05262-22,,
1257,C3L-05262-25,,
1258,C3L-05175-23,,
1259,C3L-05229-22,,
1260,C3L-05229-21,,
1261,C3L-05229-23,,
1262,C3L-05175-22,,
1263,C3L-05175-21,,
1264,C3L-04787-22,,
1265,C3L-04787-21,,
1266,C3L-04787-23,,
1267,C3L-04787-24,,
1268,C3L-04739-23,,
1269,C3L-04739-22,,
1270,C3L-04760-22,,
1271,C3L-04760-21,,
1272,C3L-04760-24,,
1273,C3L-04739-24,,
1274,C3L-04739-21,,
1275,C3L-04733-24,,
1276,C3L-04739-25,,
1277,C3L-04733-23,,
1278,C3L-04733-22,,
1279,C3L-04733-21,,
1280,C3L-04732-22,,
1281,C3L-04732-21,,
1282,C3L-04732-23,,
1283,C3L-04331-22,,
1284,C3L-04331-25,,
1285,C3L-04331-21,,
1286,C3L-04331-24,,
1287,C3L-04212-23,,
1288,C3L-04212-22,,
1289,C3L-04207-21,,
1290,C3L-04212-24,,
1291,C3L-04212-25,,
1292,C3L-04011-21,,
1293,C3L-04011-24,,
1294,C3L-04011-25,,
1295,C3L-04011-23,,
1296,C3L-03382-21,,
1297,C3L-03381-24,,
1298,C3N-00220-21,,
1299,C3L-03364-22,,
1300,C3L-03377-22,,
1301,C3L-03377-21,,
1302,C3L-03374-23,,
1303,C3L-03374-21,,
1304,C3L-03367-21,,
1305,C3L-03362-25,,
1306,C3L-03362-24,,
1307,C3L-02647-23,,
1308,C3L-02647-24,,
1309,C3L-02647-21,,
1310,C3L-02647-25,,
1311,C3L-02622-22,,
1312,C3L-02622-23,,
1313,C3L-02622-25,,
1314,C3L-02622-24,,
1315,C3L-02615-25,,
1316,C3L-02615-21,,
1317,C3L-02615-22,,
1318,C3L-02615-23,,
1319,C3L-02615-24,,
1320,C3N-00874-25,,
1321,C3L-02102-21,,
1322,C3L-02102-22,,
1323,C3L-02102-23,,
1324,C3L-02102-27,,
1325,C3L-02102-28,,
1326,C3L-00275-21,,
1327,C3L-00275-22,,
1328,C3N-04142-22,,
1329,C3N-03097-22,,
1330,C3N-03097-25,,
1331,C3N-03097-24,,
1332,C3N-03097-23,,
1333,C3L-01063-23,,
1334,C3L-00989-23,,
1335,C3L-00989-22,,
1336,C3L-00989-24,,
1337,C3L-00989-21,,
1338,C3L-00967-23,,
1339,C3L-00967-21,,
1340,C3L-00967-22,,
1341,C3L-00967-24,,
1342,C3N-04142-23,,
1343,C3N-03223-23,,
1344,C3N-03220-23,,
1345,C3N-03223-21,,
1346,C3N-01481-21,,
1347,C3N-01481-23,,
1348,C3N-01492-21,,
1349,C3N-01492-22,,
1350,C3N-01492-24,,
1351,C3N-03223-22,,
1352,C3N-03220-21,,
1353,C3N-01493-24,,
1354,C3N-01493-21,,
1355,C3N-01493-22,,
1356,C3N-01494-24,,
1357,C3N-01494-22,,
1358,C3N-01494-23,,
1359,C3N-03228-23,,
1360,C3N-03228-21,,
1361,C3N-01495-21,,
1362,C3N-01495-22,,
1363,C3N-01494-21,,
1364,C3N-01495-23,,
1365,C3N-01495-24,,
1366,C3N-01530-23,,
1367,C3N-01530-22,,
1368,C3N-01530-21,,
1369,C3N-01533-22,,
1370,C3N-03229-21,,
1371,C3N-03229-23,,
1372,C3N-03229-22,,
1373,C3L-00629-24,,
1374,C3N-03234-23,,
1375,C3N-03234-21,,
1376,C3L-00629-23,,
1377,C3N-03235-23,,
1378,C3L-00629-22,,
1379,C3N-01824-23,,
1380,C3N-00220-22,,
1381,C3N-01824-22,,
1382,C3L-00629-21,,
1383,C3N-01841-21,,
1384,C3N-03235-21,,
1385,C3N-03239-23,,
1386,C3N-01841-22,,
1387,C3N-01841-23,,
1388,C3N-01844-22,,
1389,C3N-01844-23,,
1390,C3N-01844-21,,
1391,C3N-01845-25,,
1392,C3N-01845-21,,
1393,C3L-00275-23,,
1394,C3N-01845-24,,
1395,C3N-01845-23,,
1396,C3N-03239-21,,
1397,C3N-03235-22,,
1398,C3N-03234-22,,
1399,C3N-03239-22,,
1400,C3N-03460-23,,
1401,C3N-02026-23,,
1402,C3N-02026-21,,
1403,C3N-02026-22,,
1404,C3N-03460-22,,
1405,C3N-02033-23,,
1406,C3N-02033-22,,
1407,C3N-02033-21,,
1408,C3N-02035-22,,
1409,C3N-02035-23,,
1410,C3N-02040-23,,
1411,C3N-02035-21,,
1412,C3N-02040-21,,
1413,C3N-02040-22,,
1414,C3N-03614-22,,
1415,C3N-03614-23,,
1416,C3N-03614-21,,
1417,C3N-03617-23,,
1418,C3N-03617-21,,
1419,C3N-03617-22,,
1420,C3N-04156-23,,
1421,C3N-04293-22,,
1422,C3N-04294-21,,
1423,C3N-04156-21,,
1424,C3N-02270-22,,
1425,C3N-05624-23,,
1426,C3N-02324-23,,
1427,C3N-02324-21,,
1428,C3N-02327-21,,
1429,C3N-02324-22,,
1430,C3N-02327-23,,
1431,C3N-02327-22,,
1432,C3N-02330-23,,
1433,C3N-02335-22,,
1434,C3N-02335-23,,
1435,C3N-02335-21,,
1436,C3N-02373-23,,
1437,C3N-02373-21,,
1438,C3N-02633-22,,
1439,C3N-02633-21,,
1440,C3N-05623-21,,
1441,C3N-04156-22,,
1442,C3N-02679-21,,
1443,C3N-02679-22,,
1444,C3N-03885-23,,
1445,C3N-03885-21,,
1446,C3N-00434-23,,
1447,C3N-03885-22,,
1448,C3N-00434-21,,
1449,C3N-00432-21,,
1450,C3N-00384-21,,
1451,C3N-00434-22,,
1452,C3N-00432-22,,
1453,C3N-00385-25,,
1454,C3N-00432-23,,
1455,C3N-00385-21,,
1456,C3N-00385-24,,
1457,C3N-00385-23,,
1458,C3N-00384-22,,
1459,C3N-00384-23,,
1460,C3N-00179-21,,
1461,C3N-00179-22,,
1462,C3N-00179-24,,
1463,C3N-03913-23,,
1464,C3N-03913-21,,
1465,C3N-03913-22,,
1466,C3N-03916-23,,
1467,C3N-03916-22,,
1468,C3N-03918-23,,
1469,C3N-03029-21,,
1470,C3N-03916-21,,
1471,C3N-03918-22,,
1472,C3N-01824-21,,
1473,C3L-05517-21,,
1474,C3N-00312-24,,
1475,C3N-00312-21,,
1476,C3N-00310-21,,
1477,C3N-00310-22,,
1478,C3N-00310-24,,
1479,C3N-00312-22,,
1480,C3N-00310-23,,
1481,C3N-00305-21,,
1482,C3N-00305-22,,
1483,C3N-00313-22,,
1484,C3N-00313-23,,
1485,C3N-00314-21,,
1486,C3N-00313-24,,
1487,C3N-00313-21,,
1488,C3N-00314-24,,
1489,C3N-00314-22,,
1490,C3N-00314-23,,
1491,C3N-00315-21,,
1492,C3N-00315-24,,
1493,C3N-00315-23,,
1494,C3N-00317-22,,
1495,C3N-00317-21,,
1496,C3N-00244-22,,
1497,C3N-00242-21,,
1498,C3N-00317-24,,
1499,C3N-00317-23,,
1500,C3N-00320-22,,
1501,C3N-00320-24,,
1502,C3N-00320-23,,
1503,C3N-00320-21,,
1504,C3N-00194-22,,
1505,C3N-00194-23,,
1506,C3N-00194-21,,
1507,C3N-00194-24,,
1508,C3N-00177-23,,
1509,C3N-00177-21,,
1510,C3N-00168-24,,
1511,C3N-00168-23,,
1512,C3N-00168-21,,
1513,C3N-00168-22,,
1514,C3N-00154-23,,
1515,C3N-00154-21,,
1516,C3N-00154-24,,
1517,C3N-00150-22,,
1518,C3N-00150-21,,
1519,C3N-00150-23,,
1520,C3N-00149-24,,
1521,C3N-00149-23,,
1522,C3N-00149-22,,
1523,C3N-00149-21,,
1524,C3N-00148-22,,
1525,C3N-00148-21,,
1526,C3N-00148-24,,
1527,C3L-01676-22,,
1528,C3L-01676-21,,
1529,C3N-00380-24,,
1530,C3N-00380-25,,
1531,C3N-00380-23,,
1532,C3N-00380-21,,
1533,C3N-00380-22,,
1534,C3N-00390-24,,
1535,C3L-01676-24,,
1536,C3N-00390-22,,
1537,C3L-01676-25,,
1538,C3L-01665-23,,
1539,C3L-01665-21,,
1540,C3L-01470-21,,
1541,C3L-00815-21,,
1542,C3L-01465-21,,
1543,C3L-00165-23,,
1544,C3N-00435-23,,
1545,C3N-00435-25,,
1546,C3N-00390-23,,
1547,C3L-01464-21,,
1548,C3L-01462-21,,
1549,C3N-00390-21,,
1550,C3N-00437-23,,
1551,C3N-00437-21,,
1552,C3N-00491-25,,
1553,C3N-00492-23,,
1554,C3N-00492-24,,
1555,C3N-00492-22,,
1556,C3N-00494-24,,
1557,C3N-00494-22,,
1558,C3N-00494-23,,
1559,C3N-00494-21,,
1560,C3N-00495-22,,
1561,C3N-00495-21,,
1562,C3L-01459-21,,
1563,C3N-00573-21,,
1564,C3N-00573-23,,
1565,C3N-00573-24,,
1566,C3N-00577-22,,
1567,C3N-00577-23,,
1568,C3N-00577-21,,
1569,C3N-00577-24,,
1570,C3N-00646-22,,
1571,C3N-00646-24,,
1572,C3N-00646-21,,
1573,C3N-00646-23,,
1574,C3N-00733-23,,
1575,C3N-00733-21,,
1576,C3N-00733-22,,
1577,C3N-00831-22,,
1578,C3N-00832-21,,
1579,C3N-00831-21,,
1580,C3N-00852-23,,
1581,C3N-00852-22,,
1582,C3N-00852-21,,
1583,C3N-00953-21,,
1584,C3N-00953-23,,
1585,C3L-01885-23,,
1586,C3L-01885-21,,
1587,C3L-01885-22,,
1588,C3L-01882-21,,
1589,C3L-01861-23,,
1590,C3L-01861-22,,
1591,C3L-01861-21,,
1592,C3L-01836-23,,
1593,C3L-01836-21,,
1594,C3L-01836-22,,
1595,C3L-00165-25,,
1596,C3L-01607-23,,
1597,C3L-01607-21,,
1598,C3L-01603-23,,
1599,C3L-01603-22,,
1600,C3L-01603-21,,
1601,C3L-01560-21,,
1602,C3L-01557-21,,
1603,C3L-01553-21,,
1604,C3L-01279-23,,
1605,C3L-01279-22,,
1606,C3L-01352-22,,
1607,C3L-01352-21,,
1608,C3L-01313-23,,
1609,C3N-01175-21,,
1610,C3N-01179-22,,
1611,C3N-01176-21,,
1612,C3N-01178-22,,
1613,C3N-01179-21,,
1614,C3N-01180-22,,
1615,C3L-01288-22,,
1616,C3L-01288-23,,
1617,C3L-01287-23,,
1618,C3L-01287-22,,
1619,C3L-01286-22,,
1620,C3L-01286-23,,
1621,C3L-01286-21,,
1622,C3L-01283-21,,
1623,C3L-01281-21,,
1624,C3L-01281-23,,
1625,C3N-01200-23,,
1626,C3N-01200-22,,
1627,C3N-01200-24,,
1628,C3N-01200-21,,
1629,C3N-01213-23,,
1630,C3N-01213-21,,
1631,C3N-01214-21,,
1632,C3N-01214-22,,
1633,C3N-01214-23,,
1634,C3L-01279-21,,
1635,C3N-01220-23,,
1636,C3N-01220-21,,
1637,C3N-01220-22,,
1638,C3N-01261-21,,
1639,C3N-01261-22,,
1640,C3N-01261-23,,
1641,C3N-01361-21,,
1642,C3L-00917-21,,
1643,C3L-00917-23,,
1644,C3L-00910-21,,
1645,C3L-00910-22,,
1646,C3L-00908-21,,
1647,C3L-00908-23,,
1648,C3L-00907-21,,
1649,C3L-00907-23,,
1650,C3L-00902-21,,
1651,C3L-00902-22,,
1652,C3L-00814-21,,
1653,C3L-00813-21,,
1654,C3L-00812-21,,
1655,C3L-00800-21,,
1656,C3L-00796-21,,
1657,C3L-00792-21,,
1658,C3L-00790-21,,
1659,C3L-00766-21,,
1660,C3L-00765-21,,
1661,C3L-00606-21,,
1662,C3L-00607-21,,
1663,C3L-00606-23,,
1664,C3N-01522-23,,
1665,C3N-01522-22,,
1666,C3N-01524-21,,
1667,C3N-01524-22,,
1668,C3L-00583-21,,
1669,C3L-00583-23,,
1670,C3L-00581-21,,
1671,C3L-00581-22,,
1672,C3L-00581-23,,
1673,C3N-01524-23,,
1674,C3L-00561-22,,
1675,C3L-00561-21,,
1676,C3L-00448-21,,
1677,C3L-00447-21,,
1678,C3L-00447-23,,
1679,C3L-00447-22,,
1680,C3L-00418-21,,
1681,C3L-00418-22,,
1682,C3L-00418-23,,
1683,C3L-00416-22,,
1684,C3L-00369-23,,
1685,C3L-00369-22,,
1686,C3L-00369-21,,
1687,C3N-01646-21,,
1688,C3L-00360-21,,
1689,C3L-00360-22,,
1690,C3L-00359-22,,
1691,C3L-00359-23,,
1692,C3L-00359-21,,
1693,C3N-01648-22,,
1694,C3N-01649-21,,
1695,C3N-01651-21,,
1696,C3N-01649-22,,
1697,C3N-01651-25,,
1698,C3N-01808-22,,
1699,C3N-01808-21,,
1700,C3N-01808-23,,
1701,C3L-00103-21,,
1702,C3L-00103-23,,
1703,C3L-00103-22,,
1704,C3L-00097-21,,
1705,C3L-00096-21,,
1706,C3L-00088-22,,
1707,C3L-00088-21,,
1708,C3L-00079-21,,
1709,C3L-00026-21,,
1710,C3L-00011-21,,
1711,C3L-00010-21,,
1712,C3L-00004-21,,
1713,C3N-03020-22,,
1714,C3N-03019-22,,
1715,C3N-03018-22,,
1716,C3N-02945-23,,
1717,C3N-02945-22,,
1718,C3N-02945-21,,
1719,C3N-02811-22,,
1720,C3N-02811-21,,
1721,C3N-02811-23,,
1722,C3N-02763-21,,
1723,C3N-02763-22,,
1724,C3N-02761-22,,
1725,C3N-02761-21,,
1726,C3N-02726-23,,
1727,C3N-02726-22,,
1728,C3N-02723-22,,
1729,C3N-02723-23,,
1730,C3N-02723-21,,
1731,C3N-02577-22,,
1732,C3N-02577-21,,
1733,C3N-02439-22,,
1734,C3N-02439-21,,
1735,C3N-02431-22,,
1736,C3N-02431-23,,
1737,C3N-02429-22,,
1738,C3N-02429-21,,
1739,C3N-02338-21,,
1740,C3N-02338-23,,
1741,C3N-02332-21,,
1742,C3N-02332-22,,
1743,C3N-02332-23,,
1744,C3N-02265-21,,
1745,C3N-02263-21,,
1746,C3N-02264-21,,
1747,C3N-02264-22,,
1748,C3N-02262-22,,
1749,C3N-02262-21,,
1750,C3N-02248-22,,
1751,C3N-02248-21,,
1752,C3N-02248-23,,
1753,C3N-02224-22,,
1754,C3N-02224-21,,
1755,C3N-02224-23,,
1756,C3N-02224-24,,
1757,C3N-02160-21,,
1758,C3N-02160-23,,
1759,C3N-02160-24,,
1760,C3N-02084-21,,
1761,C3N-02085-21,,
1762,C3N-02085-22,,
1763,C3N-02084-22,,
1764,C3N-02070-21,,
1765,C3N-02070-22,,
1766,C3N-02068-21,,
1767,C3N-02068-22,,
1768,C3N-02063-21,,
1769,C3N-02063-23,,
1770,C3N-02066-21,,
1771,C3N-02066-22,,
1772,C3N-02063-22,,
1773,C3N-02015-22,,
1774,C3N-02015-21,,
1775,C3N-02015-23,,
1776,C3N-02005-22,,
1777,C3N-02005-21,,
1778,C3N-01989-21,,
1779,C3N-01989-22,,
1780,C3N-01902-22,,
1781,C3N-01905-21,,
1782,C3N-01828-21,,
1783,C3N-01828-22,,
1784,C3N-01828-23,,
1785,C3N-01806-22,,
1786,C3N-01806-23,,
1787,C3N-01656-22,,
1788,C3N-01657-23,,
1789,C3N-01657-21,,
1790,C3N-01656-21,,
1791,C3N-01536-21,,
1792,C3N-01536-23,,
1793,C3N-01536-22,,
1794,C3N-01091-22,,
1795,C3N-01090-22,,
1796,C3N-01090-21,,
1797,C3N-01091-24,,
1798,C3N-01090-24,,
1799,C3N-01090-23,,
1800,C3N-01088-23,,
1801,C3N-01088-24,,
1802,C3N-01088-22,,
1803,C3N-01088-21,,
1804,C3N-01086-22,,
1805,C3N-01086-21,,
1806,C3N-01086-24,,
1807,C3N-01085-24,,
1808,C3N-01085-21,,
1809,C3N-01083-21,,
1810,C3N-01085-23,,
1811,C3N-01083-24,,
1812,C3N-01082-24,,
1813,C3N-01082-23,,
1814,C3N-01082-21,,
1815,C3N-01081-22,,
1816,C3N-01081-24,,
1817,C3N-00312-23,,
1818,C3N-01080-23,,
1819,C3N-01080-22,,
1820,C3N-01080-24,,
1821,C3N-01078-22,,
1822,C3N-01078-21,,
1823,C3N-01078-23,,
1824,C3N-01077-24,,
1825,C3N-01077-21,,
1826,C3N-01077-23,,
1827,C3N-00647-21,,
1828,C3N-00721-21,,
1829,C3N-00647-22,,
1830,C3N-00647-23,,
1831,C3N-00647-24,,
1832,C3L-00789-21,,
1833,C3L-00165-21,,
1834,C3L-01107-21,,
1835,C3L-01107-22,,
1836,C3L-01106-21,,
1837,C3L-01102-23,,
1838,C3L-01106-22,,
1839,C3L-01102-21,,
1840,C3L-01034-23,,
1841,C3L-01034-22,,
1842,C3L-01033-22,,
1843,C3L-01033-23,,
1844,C3L-00982-23,,
1845,C3L-00976-23,,
1846,C3L-00991-24,,
1847,C3L-00991-22,,
1848,C3L-00980-22,,
1849,C3L-00982-22,,
1850,C3N-02338-22,,
1851,C3L-00982-24,,
1852,C3L-00981-21,,
1853,C3L-00976-22,,
1854,C3L-00970-25,,
1855,C3L-00970-23,,
1856,C3L-00976-24,,
1857,C3L-00968-25,,
1858,C3L-00970-24,,
1859,C3L-00969-24,,
1860,C3L-00970-21,,
1861,C3L-00970-22,,
1862,C3L-00968-21,,
1863,C3L-00969-22,,
1864,C3L-00969-23,,
1865,C3L-00968-23,,
1866,C3L-00968-22,,
1867,C3L-00966-22,,
1868,C3L-00966-24,,
1869,C3L-02856-21,,
1870,C3L-02857-21,,
1871,C3L-02842-21,,
1872,C3L-02841-21,,
1873,C3L-02556-23,,
1874,C3L-02556-21,,
1875,C3L-02553-21,,
1876,C3L-02551-21,,
1877,C3L-02551-23,,
1878,C3L-02551-22,,
1879,C3L-02544-22,,
1880,C3L-02544-21,,
1881,C3L-02544-23,,
1882,C3L-02364-22,,
1883,C3L-02364-21,,
1884,C3L-02352-21,,
1885,C3L-02352-22,,
1886,C3L-02346-21,,
1887,C3L-02220-22,,
1888,C3L-02220-21,,
1889,C3L-02220-23,,
1890,C3L-02214-21,,
1891,C3L-02211-21,,
1892,C3L-02208-21,,
1893,C3L-02201-21,,
1894,C3L-02177-21,,
1895,C3L-02176-21,,
1896,C3L-02175-21,,
1897,C3L-00966-21,,
1898,C3L-00966-23,,
1899,C3L-01978-23,,
1900,C3L-01978-21,,
1901,C3L-01976-21,,
1902,C3L-01958-21,,
1903,C3L-01952-21,,
1904,C3L-01951-21,,
1905,C3L-01929-21,,
1906,C3L-01869-23,,
1907,C3L-01869-21,,
1908,C3L-01869-22,,
1909,C3L-00966-25,,
1910,C3L-01681-28,,
1911,C3L-01676-23,,
1912,C3N-01081-23,,
1913,C3N-00386-21,,
1914,C3N-00200-21,,
1915,C3N-00200-22,,
1916,C3N-00200-23,,
1917,C3N-00321-23,,
1918,C3N-00321-22,,
1919,C3N-00322-24,,
1920,C3N-00321-21,,
1921,C3N-00322-25,,
1922,C3N-00322-21,,
1923,C3N-00322-22,,
1924,C3N-00322-23,,
1925,C3N-00323-23,,
1926,C3N-00323-24,,
1927,C3N-00323-22,,
1928,C3N-00323-25,,
1929,C3N-00323-21,,
1930,C3L-00898-24,,
1931,C3L-00898-25,,
1932,C3L-00898-21,,
1933,C3L-00943-21,,
1934,C3N-00324-25,,
1935,C3L-00898-23,,
1936,C3N-00324-23,,
1937,C3N-00324-24,,
1938,C3N-00326-21,,
1939,C3L-01064-21,,
1940,C3L-01064-25,,
1941,C3L-01064-23,,
1942,C3L-01064-22,,
1943,C3N-00326-23,,
1944,C3N-00151-22,,
1945,C3N-00151-23,,
1946,C3L-01274-21,,
1947,C3N-00326-25,,
1948,C3L-01277-21,,
1949,C3L-01284-22,,
1950,C3N-00328-24,,
1951,C3N-00326-24,,
1952,C3L-01284-21,,
1953,C3L-01355-23,,
1954,C3L-01355-21,,
1955,C3N-00326-22,,
1956,C3N-00328-25,,
1957,C3L-01355-22,,
1958,C3L-01599-23,,
1959,C3N-00328-22,,
1960,C3N-00328-21,,
1961,C3N-00333-23,,
1962,C3N-00328-23,,
1963,C3L-01604-21,,
1964,C3L-01604-23,,
1965,C3L-01604-22,,
1966,C3N-00333-21,,
1967,C3L-01631-21,,
1968,C3L-01633-22,,
1969,C3L-01633-23,,
1970,C3L-01633-21,,
1971,C3L-01639-21,,
1972,C3L-01664-22,,
1973,C3L-01664-23,,
1974,C3L-01664-21,,
1975,C3L-01668-21,,
1976,C3L-01672-21,,
1977,C3N-00333-22,,
1978,C3N-00334-24,,
1979,C3L-01729-21,,
1980,C3L-01732-21,,
1981,C3L-01739-21,,
1982,C3L-01749-21,,
1983,C3L-01833-21,,
1984,C3L-01840-23,,
1985,C3L-01840-22,,
1986,C3L-01864-21,,
1987,C3N-00335-25,,
1988,C3N-00335-21,,
1989,C3N-00335-22,,
1990,C3L-01864-23,,
1991,C3L-01864-22,,
1992,C3N-00335-23,,
1993,C3N-00337-25,,
1994,C3L-01913-21,,
1995,C3L-01967-23,,
1996,C3L-01967-22,,
1997,C3L-01967-21,,
1998,C3N-00337-24,,
1999,C3N-00337-21,,
2000,C3N-00337-22,,
2001,C3N-00337-23,,
2002,C3N-00339-25,,
2003,C3L-02119-26,,
2004,C3L-02119-27,,
2005,C3L-02119-28,,
2006,C3L-02119-24,,
2007,C3L-02121-26,,
2008,C3N-00334-21,,
2009,C3N-00334-22,,
2010,C3N-00334-23,,
2011,C3N-00339-24,,
2012,C3L-02121-25,,
2013,C3N-00339-21,,
2014,C3N-00339-22,,
2015,C3L-02121-28,,
2016,C3L-02121-27,,
2017,C3L-02121-24,,
2018,C3L-02125-27,,
2019,C3L-02125-28,,
2020,C3L-02125-25,,
2021,C3L-02216-22,,
2022,C3L-02216-21,,
2023,C3L-02353-21,,
2024,C3L-02354-22,,
2025,C3L-02354-21,,
2026,C3N-00340-23,,
2027,C3N-00340-21,,
2028,C3N-00340-24,,
2029,C3L-02357-22,,
2030,C3L-02357-23,,
2031,C3L-02357-21,,
2032,C3L-02382-26,,
2033,C3L-02382-29,,
2034,C3L-02382-30,,
2035,C3N-00339-23,,
2036,C3L-02384-21,,
2037,C3N-00151-24,,
2038,C3N-00151-21,,
2039,C3L-02389-21,,
2040,C3L-02392-21,,
2041,C3L-02395-21,,
2042,C3L-02399-21,,
2043,C3L-02403-21,,
2044,C3L-02408-21,,
2045,C3L-02408-23,,
2046,C3L-02409-21,,
2047,C3L-02409-23,,
2048,C3L-02409-25,,
2049,C3L-02411-24,,
2050,C3L-02411-25,,
2051,C3L-02412-21,,
2052,C3L-02412-23,,
2053,C3L-02448-21,,
2054,C3N-00377-25,,
2055,C3N-00377-24,,
2056,C3L-02412-25,,
2057,C3N-00379-23,,
2058,C3N-00377-23,,
2059,C3L-02468-22,,
2060,C3L-02468-21,,
2061,C3N-00379-22,,
2062,C3L-02545-22,,
2063,C3N-00379-21,,
2064,C3N-00383-24,,
2065,C3N-00383-21,,
2066,C3N-00383-22,,
2067,C3L-02557-22,,
2068,C3L-02557-21,,
2069,C3L-02557-23,,
2070,C3N-00383-23,,
2071,C3L-02602-22,,
2072,C3N-00386-23,,
2073,C3L-02602-23,,
2074,C3L-02741-22,,
2075,C3L-02741-23,,
2076,C3L-02744-24,,
2077,C3L-02744-21,,
2078,C3L-02741-21,,
2079,C3N-00386-22,,
2080,C3L-02744-23,,
2081,C3L-02744-22,,
2082,C3L-02746-21,,
2083,C3L-02746-23,,
2084,C3N-00388-23,,
2085,C3N-00388-24,,
2086,C3N-00388-21,,
2087,C3L-02746-22,,
2088,C3N-00388-22,,
2089,C3N-00389-25,,
2090,C3N-00389-24,,
2091,C3N-00383-25,,
2092,C3N-00389-21,,
2093,C3N-00389-22,,
2094,C3L-02747-22,,
2095,C3L-02800-21,,
2096,C3N-00389-23,,
2097,C3L-02747-21,,
2098,C3L-03594-22,,
2099,C3L-03594-23,,
2100,C3L-02802-21,,
2101,C3L-02802-23,,
2102,C3L-02802-22,,
2103,C3L-02894-22,,
2104,C3L-02953-21,,
2105,C3L-02990-25,,
2106,C3L-02990-24,,
2107,C3L-02990-28,,
2108,C3L-02990-27,,
2109,C3L-02990-26,,
2110,C3L-03594-21,,
2111,C3N-00729-21,,
2112,C3N-00729-22,,
2113,C3N-00734-23,,
2114,C3N-00743-22,,
2115,C3N-00743-21,,
2116,C3N-00836-24,,
2117,C3N-00836-21,,
2118,C3N-00836-23,,
2119,C3N-00836-22,,
2120,C3N-00847-22,,
2121,C3L-03152-22,,
2122,C3N-00847-21,,
2123,C3N-00848-23,,
2124,C3L-03264-21,,
2125,C3N-00848-22,,
2126,C3N-00848-21,,
2127,C3N-00850-23,,
2128,C3N-00850-21,,
2129,C3N-00850-22,,
2130,C3N-00858-24,,
2131,C3N-00858-23,,
2132,C3N-00858-22,,
2133,C3L-03467-21,,
2134,C3L-03467-22,,
2135,C3L-03467-23,,
2136,C3L-03589-23,,
2137,C3N-00866-21,,
2138,C3N-00866-22,,
2139,C3L-03589-21,,
2140,C3N-00880-23,,
2141,C3N-01003-21,,
2142,C3L-01925-23,,
2143,C3L-01925-27,,
2144,C3L-01925-22,,
2145,C3L-05571-25,,
2146,C3L-05571-26,,
2147,C3L-05571-23,,
2148,C3L-05848-21,,
2149,C3L-05849-23,,
2150,C3L-05571-21,,
2151,C3L-01744-21,,
2152,C3L-01312-21,,
2153,C3L-01312-22,,
2154,C3L-01307-22,,
2155,C3L-05571-22,,
2156,C3L-05849-21,,
2157,C3L-05849-22,,
2158,C3N-00155-24,,
2159,C3N-00155-21,,
2160,C3N-00155-22,,
2161,C3L-01304-22,,
2162,C3L-01307-23,,
2163,C3L-01304-21,,
2164,C3L-01304-23,,
2165,C3L-01282-21,,
2166,C3N-00520-24,,
2167,C3L-01275-21,,
2168,C3N-01211-24,,
2169,C3L-01253-21,,
2170,C3N-01211-21,,
2171,C3N-01211-22,,
2172,C3N-01212-23,,
2173,C3N-01211-23,,
2174,C3N-00520-23,,
2175,C3N-00520-21,,
2176,C3N-01212-21,,
2177,C3N-00520-22,,
2178,C3N-01212-22,,
2179,C3L-01252-21,,
2180,C3N-00732-23,,
2181,C3N-00750-30,,
2182,C3N-00750-29,,
2183,C3N-00732-21,,
2184,C3N-00753-29,,
2185,C3N-00755-23,,
2186,C3N-00753-28,,
2187,C3N-00753-27,,
2188,C3N-00755-22,,
2189,C3L-01248-21,,
2190,C3L-01247-21,,
2191,C3L-01246-21,,
2192,C3N-01217-23,,
2193,C3N-01217-22,,
2194,C3N-01217-21,,
2195,C3N-01219-23,,
2196,C3N-01219-22,,
2197,C3N-01219-21,,
2198,C3N-01267-24,,
2199,C3N-01267-21,,
2200,C3N-00859-25,,
2201,C3N-01267-22,,
2202,C3N-01346-23,,
2203,C3N-01349-22,,
2204,C3N-00859-23,,
2205,C3N-00860-24,,
2206,C3N-00872-24,,
2207,C3N-01349-21,,
2208,C3L-00963-21,,
2209,C3N-01007-21,,
2210,C3N-01008-22,,
2211,C3N-01079-22,,
2212,C3N-01079-23,,
2213,C3N-01079-24,,
2214,C3N-01079-21,,
2215,C3L-00961-21,,
2216,C3L-00947-21,,
2217,C3L-00946-21,,
2218,C3N-01171-21,,
2219,C3N-01172-21,,
2220,C3N-01341-22,,
2221,C3N-01342-22,,
2222,C3N-01342-21,,
2223,C3L-00942-21,,
2224,C3L-00938-21,,
2225,C3L-00921-23,,
2226,C3L-00921-22,,
2227,C3L-00918-21,,
2228,C3L-00905-21,,
2229,C3L-00781-22,,
2230,C3L-00781-23,,
2231,C3L-00781-21,,
2232,C3N-01526-21,,
2233,C3N-01525-22,,
2234,C3N-01526-22,,
2235,C3N-01525-21,,
2236,C3N-01526-23,,
2237,C3N-01529-23,,
2238,C3L-00781-24,,
2239,C3L-01311-21,,
2240,C3L-00780-23,,
2241,C3L-00780-22,,
2242,C3L-00780-24,,
2243,C3L-00780-25,,
2244,C3L-00771-21,,
2245,C3L-00770-21,,
2246,C3N-01761-21,,
2247,C3N-01765-24,,
2248,C3N-01765-21,,
2249,C3N-01764-22,,
2250,C3N-01821-22,,
2251,C3N-01821-21,,
2252,C3N-01821-23,,
2253,C3N-01830-21,,
2254,C3N-01830-22,,
2255,C3N-01843-23,,
2256,C3N-01843-22,,
2257,C3N-01847-22,,
2258,C3L-00769-21,,
2259,C3N-01848-23,,
2260,C3N-01848-21,,
2261,C3N-01873-21,,
2262,C3N-01874-21,,
2263,C3L-00601-22,,
2264,C3N-01875-21,,
2265,C3N-01876-21,,
2266,C3N-01875-22,,
2267,C3N-01877-24,,
2268,C3L-00601-21,,
2269,C3N-01878-21,,
2270,C3N-01880-23,,
2271,C3L-00601-23,,
2272,C3N-01880-24,,
2273,C3N-01510-23,,
2274,C3N-01510-21,,
2275,C3N-01510-22,,
2276,C3N-01520-21,,
2277,C3N-02027-21,,
2278,C3N-02028-23,,
2279,C3N-02027-23,,
2280,C3N-02028-21,,
2281,C3N-02028-22,,
2282,C3N-02030-23,,
2283,C3N-01521-22,,
2284,C3N-01520-22,,
2285,C3N-01520-23,,
2286,C3N-01521-21,,
2287,C3N-01521-23,,
2288,C3L-00586-21,,
2289,C3N-02061-22,,
2290,C3N-02061-23,,
2291,C3N-02062-23,,
2292,C3N-02062-21,,
2293,C3N-02061-21,,
2294,C3L-00586-22,,
2295,C3L-00586-23,,
2296,C3N-02244-23,,
2297,C3N-02244-21,,
2298,C3N-02244-22,,
2299,C3N-02247-21,,
2300,C3N-02247-22,,
2301,C3N-02247-23,,
2302,C3N-02249-24,,
2303,C3N-02253-27,,
2304,C3N-02253-26,,
2305,C3N-02271-23,,
2306,C3N-02274-21,,
2307,C3N-02296-21,,
2308,C3N-02296-22,,
2309,C3N-02298-22,,
2310,C3N-02337-21,,
2311,C3N-02337-23,,
2312,C3N-02372-23,,
2313,C3N-02372-22,,
2314,C3N-02372-21,,
2315,C3N-02302-22,,
2316,C3L-00563-23,,
2317,C3L-00563-22,,
2318,C3N-02302-21,,
2319,C3L-00563-21,,
2320,C3N-02436-23,,
2321,C3N-02436-22,,
2322,C3N-02436-21,,
2323,C3N-02437-21,,
2324,C3N-02437-22,,
2325,C3L-00449-21,,
2326,C3L-00413-21,,
2327,C3N-02595-21,,
2328,C3N-02595-22,,
2329,C3N-01537-23,,
2330,C3N-02598-23,,
2331,C3N-01537-21,,
2332,C3L-00362-22,,
2333,C3L-00362-21,,
2334,C3L-00361-21,,
2335,C3L-00361-22,,
2336,C3N-02635-22,,
2337,C3N-02635-21,,
2338,C3N-02639-22,,
2339,C3N-02632-25,,
2340,C3N-02637-21,,
2341,C3N-02636-21,,
2342,C3N-02639-21,,
2343,C3L-00358-21,,
2344,C3N-02678-22,,
2345,C3N-02789-21,,
2346,C3L-00358-22,,
2347,C3N-02947-22,,
2348,C3N-02947-21,,
2349,C3N-02947-23,,
2350,C3N-02972-22,,
2351,C3N-02972-23,,
2352,C3N-02976-22,,
2353,C3N-02979-21,,
2354,C3L-00356-21,,
2355,C3L-00356-22,,
2356,C3N-03005-23,,
2357,C3N-03044-24,,
2358,C3N-03044-21,,
2359,C3N-03044-23,,
2360,C3N-03044-22,,
2361,C3L-00356-23,,
2362,C3L-00161-25,,
2363,C3L-00161-21,,
2364,C3N-03417-21,,
2365,C3N-03415-21,,
2366,C3N-03767-21,,
2367,C3L-00161-23,,
2368,C3L-00161-22,,
2369,C3N-01825-22,,
2370,C3L-00008-21,,
2371,C3N-01825-21,,
2372,C3L-00157-22,,
2373,C3L-00032-21,,
2374,C3L-00090-21,,
2375,C3L-00098-22,,
2376,C3L-00156-22,,
2377,C3L-00145-22,,
2378,C3L-00136-23,,
2379,C3L-00136-22,,
2380,C3L-00137-23,,
2381,C3L-00137-22,,
2382,C3N-01802-21,,
2383,C3L-00145-21,,
2384,C3L-00139-22,,
2385,C3L-00139-21,,
2386,C3N-01529-21,,
2387,C3L-00881-23,,
2388,C3L-01598-22,,
2389,C3L-01637-21,,
2390,C3L-01637-22,,
2391,C3L-01637-23,,
2392,C3L-01662-23,,
2393,C3L-01662-21,,
2394,C3L-01662-22,,
2395,C3L-01687-23,,
2396,C3L-01687-21,,
2397,C3L-01687-22,,
2398,C3L-01689-23,,
2399,C3L-01689-21,,
2400,C3L-01703-26,,
2401,C3L-01703-28,,
2402,C3L-01453-21,,
2403,C3L-01453-22,,
2404,C3L-01453-23,,
2405,C3L-03624-21,,
2406,C3N-03061-21,,
2407,C3L-01971-21,,
2408,C3L-01971-22,,
2409,C3L-01971-23,,
2410,C3L-01328-22,,
2411,C3L-02109-21,,
2412,C3L-02109-23,,
2413,C3L-02109-22,,
2414,C3N-01012-22,,
2415,C3N-01012-21,,
2416,C3N-01011-21,,
2417,C3N-01011-23,,
2418,C3N-01166-21,,
2419,C3N-00303-22,,
2420,C3N-01165-23,,
2421,C3L-02115-27,,
2422,C3L-02116-22,,
2423,C3N-00957-21,,
2424,C3N-00957-22,,
2425,C3L-02116-21,,
2426,C3N-00957-23,,
2427,C3L-02116-23,,
2428,C3L-02118-22,,
2429,C3L-02118-21,,
2430,C3N-03061-22,,
2431,C3N-01168-23,,
2432,C3L-02118-23,,
2433,C3N-03039-22,,
2434,C3N-03069-22,,
2435,C3L-03371-24,,
2436,C3N-02944-21,,
2437,C3N-02944-22,,
2438,C3L-02463-21,,
2439,C3N-03006-22,,
2440,C3L-03371-22,,
2441,C3L-03350-23,,
2442,C3L-03350-22,,
2443,C3L-03350-21,,
2444,C3L-03129-21,,
2445,C3N-03000-22,,
2446,C3N-02998-23,,
2447,C3N-02971-22,,
2448,C3N-02971-21,,
2449,C3L-02463-22,,
2450,C3N-02971-23,,
2451,C3L-02463-23,,
2452,C3L-03129-22,,
2453,C3N-02940-22,,
2454,C3N-02940-21,,
2455,C3L-02606-23,,
2456,C3L-02604-21,,
2457,C3L-02606-21,,
2458,C3L-02606-22,,
2459,C3L-02610-23,,
2460,C3L-02610-22,,
2461,C3L-02613-22,,
2462,C3N-02768-21,,
2463,C3N-02768-22,,
2464,C3L-01124-21,,
2465,C3L-01124-22,,
2466,C3L-01054-23,,
2467,C3L-02701-23,,
2468,C3L-01054-24,,
2469,C3L-01053-28,,
2470,C3L-03129-23,,
2471,C3L-02701-24,,
2472,C3L-02701-21,,
2473,C3L-02701-22,,
2474,C3L-02701-25,,
2475,C3L-02809-21,,
2476,C3L-02809-24,,
2477,C3L-01053-23,,
2478,C3L-02809-23,,
2479,C3L-02809-22,,
2480,C3N-00709-21,,
2481,C3L-01053-25,,
2482,C3L-01052-21,,
2483,C3L-01052-22,,
2484,C3L-02890-22,,
2485,C3L-02899-21,,
2486,C3L-02899-22,,
2487,C3L-03123-22,,
2488,C3L-03123-21,,
2489,C3L-01051-23,,
2490,C3L-01051-22,,
2491,C3N-00954-22,,
2492,C3L-01037-21,,
2493,C3L-01037-23,,
2494,C3L-01036-22,,
2495,C3L-03123-23,,
2496,C3N-01375-23,,
2497,C3L-01036-21,,
2498,C3L-03356-26,,
2499,C3L-03356-28,,
2500,C3L-01031-21,,
2501,C3L-03356-27,,
2502,C3L-03388-22,,
2503,C3L-03394-22,,
2504,C3L-03394-23,,
2505,C3L-03395-22,,
2506,C3L-03395-23,,
2507,C3N-01380-23,,
2508,C3N-01380-21,,
2509,C3N-01381-21,,
2510,C3N-01381-22,,
2511,C3N-01382-22,,
2512,C3L-03628-26,,
2513,C3L-03628-27,,
2514,C3L-03630-23,,
2515,C3L-03628-28,,
2516,C3L-03635-22,,
2517,C3L-03635-23,,
2518,C3L-03639-23,,
2519,C3L-03639-21,,
2520,C3N-01382-21,,
2521,C3N-01383-23,,
2522,C3N-01388-22,,
2523,C3L-01031-23,,
2524,C3N-00954-21,,
2525,C3L-03743-21,,
2526,C3N-00303-24,,
2527,C3L-04027-23,,
2528,C3L-04027-22,,
2529,C3L-04027-24,,
2530,C3L-04027-25,,
2531,C3L-04072-21,,
2532,C3L-04080-23,,
2533,C3L-04080-24,,
2534,C3L-04080-21,,
2535,C3N-02585-22,,
2536,C3N-02585-21,,
2537,C3N-02579-22,,
2538,C3N-01379-21,,
2539,C3N-01379-22,,
2540,C3L-00928-21,,
2541,C3L-00928-22,,
2542,C3L-00928-23,,
2543,C3N-02579-21,,
2544,C3N-01389-22,,
2545,C3N-02573-21,,
2546,C3N-02573-22,,
2547,C3L-04473-22,,
2548,C3L-04475-23,,
2549,C3L-04473-21,,
2550,C3L-04473-23,,
2551,C3L-04475-22,,
2552,C3L-04475-21,,
2553,C3L-04479-21,,
2554,C3L-04479-22,,
2555,C3N-00518-21,,
2556,C3N-00518-23,,
2557,C3N-00518-22,,
2558,C3N-00517-21,,
2559,C3N-00516-21,,
2560,C3N-00514-21,,
2561,C3N-00513-24,,
2562,C3N-00511-23,,
2563,C3L-00881-21,,
2564,C3L-04495-28,,
2565,C3L-04495-30,,
2566,C3L-00819-22,,
2567,C3L-00819-21,,
2568,C3L-04495-29,,
2569,C3N-00303-23,,
2570,C3L-04853-22,,
2571,C3L-00640-23,,
2572,C3L-00640-21,,
2573,C3L-00625-23,,
2574,C3L-00640-22,,
2575,C3N-00436-21,,
2576,C3N-00436-22,,
2577,C3L-00625-24,,
2578,C3L-00622-21,,
2579,C3L-00625-25,,
2580,C3L-00622-23,,
2581,C3L-00622-22,,
2582,C3N-02295-24,,
2583,C3L-00599-23,,
2584,C3N-01900-23,,
2585,C3N-01907-21,,
2586,C3L-00599-21,,
2587,C3L-00599-22,,
2588,C3N-03211-22,,
2589,C3N-03211-21,,
2590,C3L-00598-22,,
2591,C3L-00598-21,,
2592,C3L-00589-22,,
2593,C3L-00589-21,,
2594,C3N-02069-22,,
2595,C3N-02010-22,,
2596,C3L-03743-23,,
2597,C3N-02591-21,,
2598,C3N-02010-21,,
2599,C3N-02590-21,,
2600,C3L-00401-24,,
2601,C3L-00401-22,,
2602,C3L-00401-25,,
2603,C3N-03426-21,,
2604,C3N-03439-22,,
2605,C3N-03428-21,,
2606,C3N-03440-21,,
2607,C3N-01998-23,,
2608,C3N-01998-22,,
2609,C3N-01997-23,,
2610,C3N-01997-22,,
2611,C3N-02697-21,,
2612,C3N-02939-22,,
2613,C3N-03665-21,,
2614,C3N-03670-21,,
2615,C3N-03754-21,,
2616,C3N-03839-21,,
2617,C3N-03840-22,,
2618,C3N-03840-21,,
2619,C3N-02939-21,,
2620,C3N-02997-21,,
2621,C3N-03854-21,,
2622,C3N-03853-22,,
2623,C3L-01702-22,,
2624,C3N-03884-22,,
2625,C3N-03884-21,,
2626,C3L-00277-23,,
2627,C3N-01715-21,,
2628,C3N-01715-22,,
2629,C3N-01716-23,,
2630,C3N-04119-22,,
2631,C3N-04119-21,,
2632,C3N-04126-22,,
2633,C3N-04126-21,,
2634,C3L-01160-24,,
2635,C3L-01160-21,,
2636,C3N-00198-23,,
2637,C3N-00198-22,,
2638,C3L-01158-21,,
2639,C3L-01032-21,,
2640,C3L-01032-24,,
2641,C3N-01719-24,,
2642,C3L-00277-21,,
2643,C3L-00189-23,,
2644,C3L-00189-22,,
2645,C3L-00189-21,,
2646,C3N-03778-21,,
2647,C3L-00885-21,,
2648,C3L-00885-22,,
2649,C3L-00885-23,,
2650,C3L-00017-22,,
2651,C3N-04282-21,,
2652,C3L-00017-21,,
2653,C3L-00017-23,,
2654,C3L-00395-22,,
2655,C3N-00198-21,,
2656,C3L-00395-23,,
2657,C3L-00102-22,,
2658,C3N-00249-23,,
2659,C3N-00249-22,,
2660,C3N-00249-21,,
2661,C3N-00302-24,,
2662,C3N-00302-21,,
2663,C3N-00302-23,,
2664,C3N-00302-22,,
2665,C3N-00303-21,,
2666,C3L-03126-23,,
2667,C3N-01165-22,,
2668,C3N-03227-21,,
2669,C3L-05501-22,,
2670,C3L-00029-21,,
2671,C3L-00564-21,,
2672,C3L-00564-22,,
2673,C3L-00567-22,,
2674,C3L-00567-21,,
2675,C3L-00564-23,,
2676,C3N-03230-22,,
2677,C3N-03230-21,,
2678,C3N-04164-22,,
2679,C3N-04164-24,,
2680,C3N-04158-21,,
2681,C3N-04158-22,,
2682,C3N-04158-23,,
2683,C3L-01551-21,,
2684,C3L-01601-23,,
2685,C3L-01601-21,,
2686,C3N-03914-22,,
2687,C3N-03914-21,,
2688,C3N-03914-23,,
2689,C3N-03230-23,,
2690,C3L-01883-21,,
2691,C3L-01883-23,,
2692,C3L-01883-22,,
2693,C3N-03615-21,,
2694,C3N-03615-22,,
2695,C3N-03615-23,,
2696,C3N-03489-22,,
2697,C3N-03489-21,,
2698,C3N-03236-22,,
2699,C3L-06162-23,,
2700,C3L-06162-22,,
2701,C3L-06162-21,,
2702,C3L-06162-27,,
2703,C3L-06162-24,,
2704,C3N-03236-21,,
2705,C3N-03236-23,,
2706,C3N-03232-21,,
2707,C3N-03232-23,,
2708,C3N-02064-23,,
2709,C3N-02064-21,,
2710,C3N-02064-22,,
2711,C3N-03227-22,,
2712,C3N-03227-23,,
2713,C3N-03221-25,,
2714,C3N-02038-22,,
2715,C3N-02038-21,,
2716,C3N-03221-23,,
2717,C3N-03221-22,,
2718,C3N-02038-23,,
2719,C3N-02034-22,,
2720,C3N-02034-23,,
2721,C3N-03221-21,,
2722,C3N-03221-24,,
2723,C3N-03214-22,,
2724,C3N-03214-21,,
2725,C3N-03208-21,,
2726,C3L-05856-21,,
2727,C3L-05852-21,,
2728,C3L-05564-21,,
2729,C3L-05564-22,,
2730,C3L-05507-28,,
2731,C3L-05505-22,,
2732,C3N-02334-22,,
2733,C3L-05505-21,,
2734,C3L-01706-24,,
2735,C3L-05041-22,,
2736,C3L-05041-21,,
2737,C3L-05023-23,,
2738,C3L-05023-22,,
2739,C3L-05023-26,,
2740,C3L-05023-25,,
2741,C3N-02334-21,,
2742,C3N-02334-23,,
2743,C3N-02340-23,,
2744,C3N-02340-21,,
2745,C3N-02340-22,,
2746,C3N-01535-23,,
2747,C3N-01535-21,,
2748,C3N-01535-22,,
2749,C3N-01534-21,,
2750,C3N-01534-22,,
2751,C3N-01532-23,,
2752,C3N-01534-23,,
2753,C3L-04725-22,,
2754,C3N-01523-22,,
2755,C3N-01523-21,,
2756,C3L-04725-21,,
2757,C3L-04725-23,,
2758,C3L-04492-22,,
2759,C3L-04492-21,,
2760,C3L-04492-25,,
2761,C3N-03232-22,,
2762,C3L-04492-24,,
2763,C3L-04492-23,,
2764,C3L-04349-23,,
2765,C3L-04349-22,,
2766,C3L-04349-21,,
2767,C3L-04349-25,,
2768,C3L-04349-24,,
2769,C3L-04204-24,,
2770,C3L-04204-25,,
2771,C3L-04203-24,,
2772,C3L-04203-21,,
2773,C3L-04201-21,,
2774,C3L-04202-24,,
2775,C3L-04202-21,,
2776,C3L-03960-21,,
2777,C3L-03956-21,,
2778,C3L-03641-23,,
2779,C3L-03647-22,,
2780,C3L-03647-23,,
2781,C3L-03641-22,,
2782,C3L-03641-21,,
2783,C3L-03551-21,,
2784,C3L-03403-22,,
2785,C3L-03403-21,,
2786,C3L-03366-23,,
2787,C3L-03366-25,,
2788,C3L-03253-21,,
2789,C3L-03196-21,,
2790,C3L-03198-21,,
2791,C3L-01038-23,,
2792,C3L-01038-21,,
2793,C3L-03197-21,,
2794,C3L-03166-21,,
2795,C3L-02854-21,,
2796,C3N-02722-22,,
2797,C3N-02722-23,,
2798,C3L-02852-21,,
2799,C3L-02851-21,,
2800,C3N-03096-21,,
2801,C3N-00754-22,,
2802,C3N-00754-21,,
2803,C3N-02722-24,,
2804,C3L-02630-23,,
2805,C3L-01056-26,,
2806,C3N-00855-21,,
2807,C3N-00853-22,,
2808,C3L-01056-21,,
2809,C3L-01059-25,,
2810,C3L-01059-24,,
2811,C3L-02630-24,,
2812,C3L-02630-21,,
2813,C3N-00855-22,,
2814,C3N-00853-21,,
2815,C3N-00843-21,,
2816,C3L-02630-22,,
2817,C3N-00843-23,,
2818,C3N-00645-22,,
2819,C3N-00645-21,,
2820,C3N-00645-23,,
2821,C3N-00645-24,,
2822,C3N-02934-22,,
2823,C3N-02934-21,,
2824,C3L-02533-21,,
2825,C3L-02533-22,,
2826,C3N-02942-22,,
2827,C3N-02942-21,,
2828,C3N-03096-25,,
2829,C3N-03096-24,,
2830,C3N-03096-22,,
2831,C3N-03096-23,,
2832,C3N-03087-22,,
2833,C3L-02359-21,,
2834,C3N-00171-24,,
2835,C3N-00171-23,,
2836,C3N-00171-22,,
2837,C3L-02359-23,,
2838,C3N-00171-21,,
2839,C3N-03087-21,,
2840,C3L-02203-21,,
2841,C3N-00875-22,,
2842,C3N-03068-22,,
2843,C3L-02103-24,,
2844,C3L-02103-22,,
2845,C3L-02103-21,,
2846,C3L-02103-23,,
2847,C3L-02103-25,,
2848,C3L-01914-22,,
2849,C3L-01466-21,,
2850,C3L-01914-21,,
2851,C3L-01574-24,,
2852,C3L-01574-25,,
2853,C3L-01574-21,,
2854,C3L-01574-22,,
2855,C3L-01574-23,,
2856,C3N-01859-21,,
2857,C3N-01858-21,,
2858,C3L-02621-23,,
2859,C3N-01858-22,,
2860,C3L-02621-21,,
2861,C3L-02621-25,,
2862,C3N-04277-22,,
2863,C3N-04279-21,,
2864,C3L-04025-23,,
2865,C3N-04278-21,,
2866,C3L-04025-21,,
2867,C3L-04025-22,,
2868,C3L-04025-24,,
2869,C3L-04025-25,,
2870,C3L-04354-25,,
2871,C3L-04354-24,,
2872,C3L-04354-23,,
2873,C3L-04354-22,,
2874,C3N-00519-21,,
2875,C3N-00519-24,,
2876,C3N-00519-22,,
2877,C3N-00519-23,,
2878,C3N-00498-22,,
2879,C3N-00498-23,,
2880,C3N-00498-21,,
2881,C3N-00498-24,,
2882,C3N-03008-21,,
2883,C3N-02925-21,,
2884,C3N-02925-22,,
2885,C3N-00295-21,,
2886,C3N-00204-23,,
2887,C3N-00295-24,,
2888,C3N-00828-23,,
2889,C3N-00825-23,,
2890,C3N-00297-24,,
2891,C3N-02730-22,,
2892,C3N-02730-21,,
2893,C3N-02727-23,,
2894,C3N-04151-23,,
2895,C3N-04151-22,,
2896,C3N-04153-22,,
2897,C3N-04153-21,,
2898,C3N-02727-22,,
2899,C3N-03620-22,,
2900,C3N-03433-22,,
2901,C3N-03620-23,,
2902,C3N-03456-21,,
2903,C3N-03620-21,,
2904,C3N-03028-21,,
2905,C3N-02727-21,,
2906,C3N-00297-23,,
2907,C3N-00299-24,,
2908,C3N-02716-22,,
2909,C3N-02716-23,,
2910,C3N-02716-21,,
2911,C3N-02714-21,,
2912,C3N-02714-23,,
2913,C3N-01944-21,,
2914,C3N-00204-21,,
2915,C3N-00204-22,,
2916,C3N-01945-24,,
2917,C3N-01946-21,,
2918,C3N-01947-22,,
2919,C3N-01948-21,,
2920,C3N-01948-23,,
2921,C3L-04791-21,,
2922,C3L-04791-22,,
2923,C3L-04791-25,,
2924,C3L-02617-24,,
2925,C3L-02617-23,,
2926,C3N-03664-22,,
2927,C3N-00299-21,,
2928,C3N-00299-22,,
2929,C3N-03933-21,,
2930,C3N-03458-21,,
2931,C3N-03933-22,,
2932,C3N-03664-23,,
2933,C3N-03664-21,,
2934,C3L-01237-24,,
2935,C3N-03457-22,,
2936,C3N-03042-21,,
2937,C3N-02714-22,,
2938,C3N-00297-22,,
2939,C3N-04152-23,,
2940,C3N-03837-21,,
2941,C3N-03027-21,,
2942,C3N-04152-22,,
2943,C3N-02713-23,,
2944,C3N-02713-21,,
2945,C3N-03781-21,,
2946,C3N-03782-21,,
2947,C3N-03841-22,,
2948,C3N-03487-23,,
2949,C3N-03783-21,,
2950,C3L-02617-22,,
2951,C3N-03045-21,,
2952,C3N-03488-21,,
2953,C3N-03488-23,,
2954,C3N-03487-22,,
2955,C3N-03487-21,,
2956,C3N-03488-22,,
2957,C3L-02617-25,,
2958,C3L-04844-22,,
2959,C3N-03042-22,,
2960,C3L-04844-21,,
2961,C3L-04849-22,,
2962,C3L-04849-21,,
2963,C3N-00204-24,,
2964,C3N-02713-22,,
2965,C3N-02700-21,,
2966,C3N-03490-21,,
2967,C3N-03490-22,,
2968,C3N-03490-23,,
2969,C3N-03612-21,,
2970,C3N-00857-22,,
2971,C3N-02333-22,,
2972,C3N-02333-21,,
2973,C3N-03841-21,,
2974,C3L-01138-21,,
2975,C3N-02694-22,,
2976,C3N-01758-22,,
2977,C3N-01758-21,,
2978,C3N-01757-21,,
2979,C3N-01757-24,,
2980,C3N-01756-21,,
2981,C3N-03928-23,,
2982,C3N-01755-22,,
2983,C3N-01755-21,,
2984,C3N-01755-23,,
2985,C3N-01754-21,,
2986,C3N-01754-22,,
2987,C3N-01752-22,,
2988,C3N-00306-21,,
2989,C3N-00306-22,,
2990,C3N-00306-23,,
2991,C3N-00871-22,,
2992,C3N-01620-21,,
2993,C3N-01620-23,,
2994,C3N-03612-23,,
2995,C3N-01337-24,,
2996,C3N-03612-22,,
2997,C3N-01338-21,,
2998,C3N-01338-22,,
2999,C3N-03012-21,,
3000,C3N-03849-22,,
3001,C3N-00307-23,,
3002,C3N-03619-21,,
3003,C3N-00307-21,,
3004,C3L-02617-21,,
3005,C3N-00307-22,,
3006,C3N-00307-24,,
3007,C3N-00306-24,,
3008,C3N-04611-23,,
3009,C3N-04611-22,,
3010,C3N-03928-22,,
3011,C3N-01340-21,,
3012,C3N-03878-22,,
3013,C3N-03878-21,,
3014,C3N-00828-21,,
3015,C3N-00828-24,,
3016,C3N-00828-22,,
3017,C3N-00829-24,,
3018,C3N-03226-21,,
3019,C3N-03226-23,,
3020,C3N-02275-24,,
3021,C3N-00829-23,,
3022,C3N-03876-22,,
3023,C3N-00829-21,,
3024,C3L-00999-24,,
3025,C3L-00997-24,,
3026,C3L-00999-21,,
3027,C3N-02279-21,,
3028,C3L-00997-21,,
3029,C3L-00995-23,,
3030,C3L-00995-22,,
3031,C3N-02693-21,,
3032,C3L-00995-21,,
3033,C3N-00846-21,,
3034,C3L-00995-24,,
3035,C3L-00994-22,,
3036,C3L-00994-21,,
3037,C3N-00846-23,,
3038,C3L-00994-23,,
3039,C3L-02621-24,,
3040,C3L-00994-24,,
3041,C3N-00846-22,,
3042,C3N-04280-23,,
3043,C3N-04152-21,,
3044,C3N-03619-23,,
3045,C3N-03876-21,,
3046,C3N-04611-21,,
3047,C3N-03015-21,,
3048,C3L-02651-22,,
3049,C3N-04273-23,,
3050,C3N-04273-21,,
3051,C3L-02651-23,,
3052,C3L-02651-25,,
3053,C3L-00977-22,,
3054,C3L-00987-21,,
3055,C3L-00987-24,,
3056,C3L-00987-22,,
3057,C3N-03888-23,,
3058,C3N-03888-21,,
3059,C3N-03889-23,,
3060,C3N-03888-22,,
3061,C3N-03889-21,,
3062,C3N-03889-22,,
3063,C3N-00662-21,,
3064,C3L-02704-24,,
3065,C3L-02704-25,,
3066,C3L-02465-22,,
3067,C3L-02465-21,,
3068,C3L-03740-21,,
3069,C3L-03747-22,,
3070,C3L-02542-21,,
3071,C3L-02542-23,,
3072,C3L-02542-22,,
3073,C3L-02704-22,,
3074,C3L-03747-21,,
3075,C3L-02705-23,,
3076,C3L-03744-21,,
3077,C3L-02705-21,,
3078,C3L-02705-25,,
3079,C3L-02705-24,,
3080,C3L-02707-24,,
3081,C3L-02707-22,,
3082,C3L-02707-25,,
3083,C3L-02708-24,,
3084,C3L-02708-22,,
3085,C3L-02708-21,,
3086,C3L-02708-23,,
3087,C3N-00665-21,,
3088,C3N-00665-22,,
3089,C3N-00665-24,,
3090,C3N-00665-23,,
3091,C3N-00663-21,,
3092,C3N-00663-24,,
3093,C3N-00663-22,,
3094,C3N-00663-23,,
3095,C3L-02704-23,,
3096,C3L-02900-21,,
3097,C3L-03748-21,,
3098,C3N-00661-21,,
3099,C3L-02970-23,,
3100,C3L-02970-22,,
3101,C3L-02970-21,,
3102,C3N-00662-22,,
3103,C3N-00662-23,,
3104,C3L-02984-22,,
3105,C3N-00661-23,,
3106,C3L-03266-21,,
3107,C3L-03748-22,,
3108,C3L-03387-21,,
3109,C3L-03387-24,,
3110,C3L-03390-24,,
3111,C3L-03390-23,,
3112,C3L-03392-21,,
3113,C3L-03400-25,,
3114,C3L-03400-22,,
3115,C3L-03405-26,,
3116,C3L-03405-21,,
3117,C3L-03968-24,,
3118,C3L-03407-27,,
3119,C3L-03547-23,,
3120,C3L-03547-22,,
3121,C3L-03748-23,,
3122,C3L-03549-25,,
3123,C3L-03968-21,,
3124,C3L-03549-24,,
3125,C3L-03968-22,,
3126,C3L-03549-22,,
3127,C3L-03547-21,,
3128,C3L-03549-21,,
3129,C3L-03554-23,,
3130,C3L-03554-24,,
3131,C3L-04084-22,,
3132,C3L-04084-21,,
3133,C3L-03554-22,,
3134,C3L-04084-23,,
3135,C3L-03557-24,,
3136,C3L-03557-23,,
3137,C3L-03557-21,,
3138,C3L-03559-21,,
3139,C3L-03559-23,,
3140,C3L-03588-23,,
3141,C3L-03588-22,,
3142,C3L-03559-25,,
3143,C3L-03588-21,,
3144,C3L-03681-22,,
3145,C3L-03681-21,,
3146,C3L-04084-25,,
3147,C3L-03727-21,,
3148,C3L-03744-23,,
3149,C3L-03744-22,,
3150,C3L-03748-24,,
3151,C3L-03735-21,,
3152,C3L-02704-21,,
3153,C3L-04362-25,,
3154,C3L-04362-22,,
3155,C3L-04362-21,,
3156,C3L-04362-24,,
3157,C3L-04362-23,,
3158,C3L-02642-22,,
3159,C3L-02642-24,,
3160,C3L-02642-25,,
3161,C3L-02642-21,,
3162,C3L-02642-23,,
3163,C3L-04815-22,,
3164,C3L-04815-25,,
3165,C3L-04815-21,,
3166,C3L-04817-23,,
3167,C3L-04815-24,,
3168,C3L-04817-25,,
3169,C3L-04817-21,,
3170,C3L-04817-22,,
3171,C3L-04819-21,,
3172,C3L-04838-23,,
3173,C3L-04819-22,,
3174,C3L-04819-24,,
3175,C3L-04838-24,,
3176,C3L-04838-21,,
3177,C3L-04838-25,,
3178,C3L-04843-23,,
3179,C3L-04843-24,,
3180,C3L-04843-25,,
3181,C3L-04843-21,,
3182,C3L-04838-22,,
3183,C3L-04036-22,,
3184,C3L-04036-21,,
3185,C3L-04036-25,,
3186,C3L-04036-24,,
3187,C3L-04036-23,,
3188,C3L-04038-23,,
3189,C3L-04038-22,,
3190,C3L-04038-25,,
3191,C3L-04038-21,,
3192,C3L-04082-22,,
3193,C3L-04082-23,,
3194,C3L-04083-21,,
3195,C3L-04083-23,,
3196,C3L-04083-25,,
3197,C3L-04083-22,,
3198,C3L-04082-21,,
3199,C3L-04083-24,,
3200,C3L-04090-21,,
3201,C3L-04213-23,,
3202,C3L-04213-25,,
3203,C3L-04213-22,,
3204,C3L-04213-24,,
3205,C3L-04213-21,,
3206,C3L-00278-22,,
3207,C3L-00278-21,,
3208,C3L-00349-22,,
3209,C3L-04339-24,,
3210,C3L-04339-22,,
3211,C3L-04339-25,,
3212,C3L-04359-23,,
3213,C3L-04359-24,,
3214,C3L-04359-25,,
3215,C3L-04339-23,,
3216,C3L-04339-21,,
3217,C3L-04359-22,,
3218,C3L-03557-22,,
3219,C3L-02041-21,,
3220,C3L-01887-21,,
3221,C3L-01834-22,,
3222,C3L-00016-24,,
3223,C3L-00671-22,,
3224,C3N-03070-21,,
3225,C3L-03385-29,,
3226,C3L-03385-26,,
3227,C3L-03372-24,,
3228,C3L-01327-21,,
3229,C3L-03372-22,,
3230,C3N-03088-21,,
3231,C3N-01192-25,,
3232,C3N-01196-24,,
3233,C3N-03180-22,,
3234,C3N-03180-23,,
3235,C3N-03180-21,,
3236,C3N-03182-22,,
3237,C3N-03182-21,,
3238,C3N-03183-23,,
3239,C3L-01156-22,,
3240,C3L-01157-23,,
3241,C3L-01156-21,,
3242,C3L-01155-22,,
3243,C3L-01154-22,,
3244,C3L-01154-23,,
3245,C3L-01146-22,,
3246,C3L-01149-22,,
3247,C3L-01149-21,,
3248,C3L-01146-25,,
3249,C3L-01142-21,,
3250,C3L-01142-22,,
3251,C3N-03183-22,,
3252,C3L-01061-22,,
3253,C3N-01334-23,,
3254,C3L-01049-21,,
3255,C3L-01049-22,,
3256,C3L-01048-21,,
3257,C3L-01046-24,,
3258,C3L-01048-22,,
3259,C3L-01046-21,,
3260,C3L-01045-24,,
3261,C3L-01043-24,,
3262,C3L-01045-23,,
3263,C3L-01043-21,,
3264,C3L-01040-22,,
3265,C3L-01040-23,,
3266,C3N-01364-22,,
3267,C3N-01364-23,,
3268,C3N-01366-21,,
3269,C3N-01368-23,,
3270,C3N-01367-22,,
3271,C3N-01369-21,,
3272,C3N-01368-21,,
3273,C3N-03184-23,,
3274,C3N-03184-22,,
3275,C3L-00631-21,,
3276,C3L-01232-24,,
3277,C3L-01232-22,,
3278,C3L-00631-23,,
3279,C3N-03186-23,,
3280,C3N-03188-22,,
3281,C3N-03186-21,,
3282,C3N-03188-21,,
3283,C3N-03188-23,,
3284,C3L-00674-22,,
3285,C3L-00674-21,,
3286,C3L-00636-22,,
3287,C3L-00636-21,,
3288,C3L-02706-22,,
3289,C3L-02706-23,,
3290,C3N-01505-21,,
3291,C3N-01517-21,,
3292,C3N-01518-23,,
3293,C3N-01517-23,,
3294,C3N-01518-22,,
3295,C3L-02706-25,,
3296,C3L-02662-21,,
3297,C3L-02644-25,,
3298,C3L-02644-21,,
3299,C3L-02644-22,,
3300,C3L-02644-24,,
3301,C3L-00365-21,,
3302,C3N-01798-22,,
3303,C3N-01798-23,,
3304,C3N-01798-21,,
3305,C3N-01814-23,,
3306,C3N-01814-21,,
3307,C3L-00104-21,,
3308,C3N-01814-22,,
3309,C3N-01815-21,,
3310,C3N-01815-23,,
3311,C3N-01815-22,,
3312,C3N-01816-21,,
3313,C3N-01818-21,,
3314,C3N-01818-22,,
3315,C3N-04691-21,,
3316,C3N-04686-21,,
3317,C3N-04686-24,,
3318,C3N-04693-21,,
3319,C3N-04686-22,,
3320,C3N-04686-23,,
3321,C3N-04683-22,,
3322,C3N-04312-23,,
3323,C3N-04312-21,,
3324,C3N-04312-22,,
3325,C3N-04113-23,,
3326,C3N-04113-22,,
3327,C3N-04100-23,,
3328,C3N-04098-21,,
3329,C3N-04100-22,,
3330,C3N-04100-21,,
3331,C3N-04098-23,,
3332,C3N-04097-22,,
3333,C3N-04097-23,,
3334,C3N-04097-21,,
3335,C3N-04092-22,,
3336,C3N-04094-21,,
3337,C3N-04094-23,,
3338,C3N-04094-22,,
3339,C3N-03939-21,,
3340,C3N-04092-23,,
3341,C3N-03939-22,,
3342,C3N-03939-23,,
3343,C3N-03935-21,,
3344,C3N-03935-23,,
3345,C3N-03810-23,,
3346,C3N-03810-21,,
3347,C3N-03800-21,,
3348,C3N-03810-22,,
3349,C3N-03802-23,,
3350,C3N-03802-22,,
3351,C3N-03802-21,,
3352,C3N-03789-25,,
3353,C3N-03757-26,,
3354,C3N-03756-21,,
3355,C3N-03480-22,,
3356,C3N-03755-21,,
3357,C3N-03449-21,,
3358,C3N-03448-21,,
3359,C3N-03187-22,,
3360,C3N-03187-21,,
3361,C3N-03187-23,,
3362,C3L-00016-23,,
3363,C3N-03025-21,,
3364,C3L-00265-22,,
3365,C3N-03003-22,,
3366,C3N-03003-21,,
3367,C3N-03003-23,,
3368,C3N-03001-21,,
3369,C3N-03001-24,,
3370,C3N-03001-23,,
3371,C3N-03001-22,,
3372,C3N-01852-24,,
3373,C3N-01856-23,,
3374,C3N-01857-21,,
3375,C3N-02682-22,,
3376,C3N-02681-22,,
3377,C3N-03473-23,,
3378,C3L-04795-23,,
3379,C3L-04795-22,,
3380,C3L-04795-21,,
3381,C3L-04795-24,,
3382,C3L-00016-21,,
3383,C3N-02286-23,,
3384,C3N-02286-22,,
3385,C3L-00506-21,,
3386,C3N-02259-21,,
3387,C3N-02181-23,,
3388,C3L-00265-24,,
3389,C3N-02181-22,,
3390,C3L-00265-23,,
3391,C3L-00528-23,,
3392,C3L-00528-22,,
3393,C3L-00528-21,,
3394,C3L-00506-22,,
3395,C3L-00016-22,,
3396,C3N-02181-21,,
3397,C3N-02183-23,,
3398,C3N-02183-22,,
3399,C3N-02185-22,,
3400,C3N-02185-23,,
3401,C3N-02183-21,,
3402,C3N-02185-21,,
3403,C3N-02186-22,,
3404,C3N-02188-22,,
3405,C3N-02186-21,,
3406,C3N-02188-21,,
3407,C3N-02188-23,,
3408,C3N-02190-21,,
3409,C3N-02190-23,,
3410,C3N-02190-22,,
3411,C3N-02255-22,,
3412,C3N-02256-21,,
3413,C3N-01850-21,,
3414,C3N-01850-23,,
3415,C3N-01817-22,,
3416,C3N-01817-21,,
3417,C3N-01370-24,,
3418,C3N-01197-21,,
3419,C3L-00019-21,,
3420,C3L-00019-22,,
3421,C3L-00019-23,,
3422,C3L-04731-22,,
3423,C3L-00429-21,,
3424,C3L-00424-23,,
3425,C3L-00424-22,,
3426,C3L-00424-21,,
3427,C3L-01839-22,,
3428,C3L-01839-23,,
3429,C3L-04731-21,,
3430,C3L-04731-23,,
3431,C3N-02769-23,,
3432,C3N-02769-22,,
3433,C3N-02769-21,,
3434,C3N-02770-30,,
3435,C3N-02770-29,,
3436,C3N-02782-21,,
3437,C3N-02783-25,,
3438,C3N-02783-23,,
3439,C3N-02783-21,,
3440,C3N-02783-22,,
3441,C3N-02784-23,,
3442,C3N-02784-22,,
3443,C3N-02784-21,,
3444,C3N-02785-23,,
3445,C3L-04731-24,,
3446,C3L-00349-21,,
3447,C3N-02785-22,,
3448,C3L-00631-22,,
3449,C3N-02785-21,,
3450,C3N-02786-23,,
3451,C3N-02786-21,,
3452,C3N-02788-23,,
3453,C3N-02788-22,,
3454,C3N-02788-21,,
3455,C3L-04539-21,,
3456,C3L-04537-21,,
3457,C3L-03968-25,,
